motion_level,sound_level,movement_count,hour_of_day,door_open,window_open,label
7.965429868602328,1.834347898661638,7,6,0,0,0
0.9997491581800289,4.592488919658671,3,18,0,0,0
9.699098521619943,8.324426408004218,5,20,0,1,1
3.0424224295953772,5.247564316322379,11,0,0,0,0
0.46665663213615427,9.737555188414591,14,9,0,0,0
3.8246199126716274,9.832308858067883,2,18,1,0,0
0.6505159298527952,9.488855372533333,13,8,1,0,0
2.3089382562214897,2.410254660260117,6,20,0,0,0
9.093204020787821,2.587799816000169,7,2,0,0,1
5.4671027934327965,1.8485445552552704,17,21,0,1,0
5.978999788110851,9.218742350231167,7,3,0,0,1
8.445338486781514,7.473201101373808,14,7,1,0,1
1.4092422497476265,8.021969807540398,0,12,0,0,0
1.987156815341724,0.05522117123602399,10,0,0,0,0
7.712703466859457,0.7404465173409036,6,2,0,1,1
6.232981268275579,3.308980248526492,15,8,0,0,0
7.29606178338064,6.3755747135521315,2,4,0,0,1
8.48913824266084,7.217295211648732,13,13,0,0,1
1.1089082081183133,4.393365018657701,18,14,0,0,0
5.6327557197638365,6.955160864261275,4,19,0,0,0
2.030612247347694,9.42853570557981,6,10,0,0,0
6.2435404813379325,2.95633685837714,5,1,0,0,1
8.925589984899778,5.393422419156507,6,19,1,0,0
3.5256885633416903,3.04781258158029,5,19,0,0,0
6.924360328902703,2.6941233379852148,14,4,0,0,1
7.030189588951778,3.63629602379294,16,23,0,0,0
4.972485058923855,3.0087830981676964,16,6,1,0,0
5.026790232288615,0.5147875124998935,4,1,0,0,1
5.309345833171363,4.477831645730916,5,1,0,0,1
3.6965445606140444,2.421599382774259,5,10,0,0,0
3.9882444244455306,8.16431873219384,15,5,1,0,0
6.958128067908818,8.583588048137198,3,5,0,0,1
3.4866598729172935,0.9617655109142076,8,18,0,0,0
8.37710105907328,6.7569011703928075,17,17,1,1,1
2.285500217972997,1.7495492709593619,15,2,0,0,0
9.962536997579242,9.654193512887936,4,1,1,0,1
2.7887135259218185,7.003578299727713,15,8,1,1,0
8.877700987609598,8.509284487675128,16,23,0,1,1
5.806866214364547,3.722827665617431,2,19,1,0,0
5.487337893665861,6.918951976926932,15,13,1,0,0
2.3724908749680007,3.2539969815926773,19,3,0,0,0
6.576128923003433,5.683086033354716,11,2,0,0,1
2.4398964337908358,9.730105547524456,12,21,0,1,0
3.500784076946757,6.451033620305648,14,1,0,0,0
2.807723624408558,0.2431596643145384,16,15,0,1,0
9.148643902204485,3.7015870025544437,8,13,1,0,0
9.666548190436696,9.636199770892528,0,13,0,0,1
2.6847485689015684,4.852798742763157,17,22,0,1,0
5.700611700893649,0.9717649377076854,14,2,1,0,1
8.773730719279554,7.407686177542044,0,9,0,0,1
2.9359184426449336,8.093611554785136,2,6,0,0,0
5.015162946871996,7.9829517896677515,0,6,0,0,0
8.900053418175663,3.379951568515358,1,13,0,0,0
3.2815266747473193,1.550416167277442,16,21,0,0,0
5.370824271966555,3.266512417960409,7,21,0,0,0
4.572651616137286,8.420230750119813,19,4,0,0,1
7.260913337226615,9.758520794625346,9,7,0,0,1
4.389714207056361,0.7845638134226596,4,18,0,0,0
6.884999007653664,0.5819359550844361,0,8,0,0,0
7.145959227000623,6.601973767177313,0,21,1,0,1
6.117207462343522,4.196000624277899,11,4,0,0,1
0.14393488629755868,1.1607264050691624,4,21,0,0,0
1.7533026988933853,0.17161101831750236,15,19,1,0,0
3.9850473439737346,6.158500980522165,4,4,1,0,0
6.258599157142363,5.031362585800877,0,9,0,0,0
0.7056874740042984,6.424192782063156,16,15,1,0,0
5.75474177875879,3.881699262065219,0,19,0,0,0
6.259396701015728,8.204268437712681,7,4,1,0,1
2.145891197083741,3.7725908322797586,18,12,0,0,0
3.8539662096556504,6.816136689727897,1,7,0,0,0
3.483366044531974,9.366481518557073,3,20,0,1,0
1.7743954377972282,7.506147516408584,2,3,1,0,0
2.500164492161047,5.805440123439098,4,17,0,0,0
7.545428740846823,1.031238688359326,16,22,0,0,0
2.9763517450931087,0.9998488716186338,3,21,0,1,0
3.5490519046272064,9.568008851264564,19,11,0,0,0
0.9170414725848108,6.02440925901119,19,20,0,0,0
7.812960504712025,1.1346460201744801,9,22,1,1,1
7.370355567910089,5.45915770164989,10,4,0,0,1
8.369638742373738,8.668687053108414,5,9,0,0,1
3.9665160195425186,8.918969087767767,1,9,0,0,0
5.813054172267823,8.631385219890038,19,18,0,1,0
7.533781852589416,3.762595855309158,18,12,0,0,0
9.06354385094736,1.1119748230615134,2,9,0,0,0
1.1881791626807192,1.1752624677710488,8,19,0,0,0
0.8289132169335423,5.283701212972092,5,16,1,1,0
0.43159911950576113,8.911431136980712,10,12,1,0,0
9.69302535619099,5.230978441701488,8,18,0,0,0
6.275580800840634,5.843143119231002,15,0,0,1,1
9.504114840765588,8.902637838909163,11,9,0,0,1
4.636984049399821,3.533522280260528,17,3,0,0,1
9.86210744479603,6.981617140197452,16,3,0,0,1
6.847311725538793,1.626169393448913,13,12,0,1,0
7.2571950838836,6.134151959357899,1,18,0,1,1
1.6483426113700095,4.112551165853691,0,12,0,1,0
5.941307153521351,3.8089085663102153,16,10,1,0,0
1.338521188006332,0.13671964826997285,5,2,0,0,0
9.966368370739055,5.5543170560262745,4,4,0,0,1
2.4734810174319763,4.505441353100935,13,18,0,0,0
2.2864280550346274,6.7170068440585675,1,3,0,0,0
4.7621069678901415,8.313714900625012,17,1,1,0,1
0.8840822336564658,7.918178394696329,16,4,0,0,0
7.846682639443095,6.393613569742423,10,14,0,0,1
3.5058755880659698,5.899176868546331,14,1,0,1,0
5.474463068991115,4.509104474161044,14,19,0,0,0
6.976418714934633,7.964717756738773,9,18,1,0,1
4.591357562382613,9.800325752854771,1,19,0,0,0
3.41563210456545,5.372634167140701,15,15,0,0,0
1.8006727234929853,6.965014662270789,2,7,1,0,0
6.019353955409602,2.238490659063206,4,17,0,0,0
0.8870253375705561,1.206358711006008,8,21,0,1,0
5.034172708548569,6.903948286293653,8,16,0,0,0
0.8175903194887191,8.735786241067773,15,21,0,0,0
0.8451700768068193,5.972780822554306,19,0,0,0,0
2.3611653311740435,7.599554089375856,13,21,0,0,0
1.477390919062267,1.3311692858747826,2,13,1,0,0
0.3047215273359416,8.672149810747232,5,14,0,0,0
3.7728416310462265,0.20071197777726368,16,22,0,0,0
2.332164115498012,3.4292686427826027,3,11,0,0,0
0.8692028808742369,5.371065418185478,1,17,0,0,0
1.2758030279556376,2.8377590579872445,5,11,1,0,0
4.982476978489402,3.30348481280914,0,23,0,0,0
2.459577283845081,1.6068137325955567,10,5,0,0,0
8.967654246264251,0.8023374566164221,18,23,0,0,0
1.1203890216805235,3.9785559904574166,10,23,1,0,1
4.907487792587845,7.228960966217757,1,16,0,0,0
8.385825587026247,2.050775601494591,3,18,0,0,0
5.298400231811167,7.072300956444445,13,16,0,0,0
9.320143422569341,3.206421921595143,2,10,0,0,0
5.486031179381532,5.489219798889772,1,9,0,0,0
1.3882477344202038,0.027108994143296705,8,0,0,0,0
7.942894499664624,1.0669925011343606,4,22,1,1,1
9.329380670999546,9.909294764573906,1,13,0,0,1
7.215965507512772,0.4809464396408769,7,7,1,0,0
1.6426579793099294,8.14574720231382,13,2,0,0,0
5.883066757950567,6.829820634171324,7,12,0,0,0
6.2410154418183765,5.39781061914633,14,18,0,0,0
3.8389122137321143,5.435528611139886,7,14,0,0,0
9.398321236134752,6.277080530714178,7,5,0,0,1
6.200727559285135,5.334610919763215,6,14,0,1,0
7.069804612434591,7.785719390507511,0,0,0,0,1
4.939814871308626,7.5463529186011655,5,9,0,0,0
1.2748866233198242,3.9728729056036727,7,12,0,0,0
7.71881980598245,0.12203072318044517,18,11,0,0,0
5.990293647773265,8.267988278090783,9,10,0,0,0
4.620058036441327,9.472833396118153,11,22,1,0,1
6.1145423543464785,0.18110183820840509,10,17,1,0,0
7.900846371240867,0.23022604787637513,9,3,0,0,1
4.24130671302386,7.3644423562472285,7,8,1,1,0
1.1323804584075525,9.848411989623346,13,0,0,0,0
8.698963620621283,5.188380571260721,7,0,0,0,1
3.3519724164590095,8.028534485980114,8,20,0,0,0
9.229602317984849,4.657001223188132,1,10,1,0,0
9.127494628791288,2.482264427571519,6,11,0,0,0
3.623938991166331,5.805883502780435,17,0,0,0,0
4.58988988017013,5.573053688900479,7,19,0,0,0
3.973181154575979,4.267889053367494,18,12,0,0,0
0.3654966784809488,4.720669451099992,7,16,0,0,0
4.532888347480276,5.243902693275801,16,18,0,0,0
1.8192813049527112,8.617856210135173,6,3,0,0,0
6.439995432390157,4.087341710980964,17,18,1,0,0
2.538885640433043,1.961130996934528,7,22,0,0,0
8.87460482513503,5.567215847833661,7,2,0,0,1
6.031974021769796,8.06850148962586,15,13,0,0,1
4.06392308273522,3.239900611067996,17,20,0,0,0
8.481280954668835,1.227768896627085,18,22,0,0,0
9.10624003540304,6.247612710432511,10,1,0,0,1
0.34228110820529123,8.306545065652497,4,22,0,0,0
8.610680199747216,2.195105250809587,11,1,0,1,1
9.853673122417346,4.710654526938144,16,23,0,0,0
5.416342146608669,6.334782198261473,6,8,0,0,0
9.84402180703552,5.256901823026858,12,13,0,0,0
9.14298806560499,1.1775108289014113,3,5,0,0,1
6.514203883518642,8.297418037072017,9,4,0,0,1
7.321845784590623,2.5073066056159776,12,5,0,0,1
8.381069631782958,4.043815015490243,13,12,0,0,0
1.8437092067896321,0.9033696057760787,18,10,0,0,0
4.3719339635724355,9.15513677291914,6,7,0,1,0
6.636711653626481,9.36829739324758,4,22,0,0,1
2.622640442998251,5.9507793070025485,10,14,1,1,0
3.3424389081696084,7.7091220374582194,8,10,0,0,0
5.982860582681546,4.596815127611311,2,10,1,0,0
9.676993882070864,0.05253818558384915,11,11,0,0,0
1.368186309189614,9.502373538208024,16,16,0,0,0
7.583924139456815,6.389493853342618,16,23,0,0,1
9.805768001799882,9.03363812636025,11,5,0,1,1
6.699174645500392,0.44165437710100175,15,12,1,0,0
4.732101180813334,3.1285485650558753,14,20,0,0,0
1.1528202124728437,4.2176265973051255,17,15,0,0,0
3.1910047324325563,8.289154741506774,16,2,0,0,0
1.205668857772788,0.7695320162920916,4,11,0,0,0
0.6535634079894237,3.152903378306103,16,22,0,0,0
6.2589137643700905,8.85977748236187,9,12,1,0,1
8.700988739009299,0.21269410850387138,12,2,0,1,1
0.7002970574747103,0.09485433628498074,16,2,0,0,0
8.736771141863388,9.840834691992951,9,15,0,0,1
7.375823015888915,2.3877714576830233,2,19,0,0,0
2.963081204559901,2.3360775104990994,15,17,0,1,0
1.0946759867911515,3.9163014054035603,3,8,0,1,0
0.8941100231225951,4.175807757849284,13,4,0,1,0
1.6703394609207523,9.911686261369766,7,1,1,0,0
8.306425177506245,1.2033876203499594,10,20,0,0,0
9.572702629833255,8.26205695793966,4,16,0,1,1
5.182603666763922,5.97274072430341,16,16,0,0,0
4.911863408686266,9.963357758067243,2,17,1,0,0
7.4787160409222855,0.3486516023382491,3,23,0,0,0
3.9116976608037977,2.7295937485631496,8,8,0,1,0
8.09516074724878,6.552419806390217,4,9,0,0,1
0.05082139818025966,6.957142928497502,15,14,0,0,0
6.832587636595959,0.7613085949030018,16,15,0,1,0
8.246809659251491,3.4780920790219305,1,18,0,1,0
8.78629986355158,7.974260216069281,7,0,0,0,1
7.083629767150348,8.37013328363672,9,15,0,0,1
8.816371327703502,9.613152881849075,18,6,1,0,1
2.286251615249235,9.08701309269368,17,10,1,0,0
0.0638587171683358,2.870381331749128,13,11,0,0,0
2.5980358106415977,6.340057030996114,12,7,0,0,0
5.412665786761103,9.629920038589946,14,6,1,0,0
1.737534753075668,7.708541085409898,3,3,0,0,0
7.085720046026294,4.735738884350885,17,21,1,1,0
7.496518317429247,1.3008624013063197,11,11,0,0,0
3.7183352923872457,8.187856433570937,10,5,0,0,0
4.6853941676858435,9.443036349578298,2,13,0,0,0
8.259207657998966,2.983744309899926,1,22,0,0,0
2.7325952699820935,9.508635622504103,11,10,0,0,0
4.197273169261223,6.385259476640855,5,14,0,0,0
3.2074274043812743,7.24422672614117,1,0,0,0,0
3.6852634372376114,8.64358249839637,15,23,0,0,0
0.9116449040619168,1.5365803816111268,13,16,0,0,0
0.32526179491251916,9.208478478156868,2,11,0,0,0
5.9832726512242695,6.073064482626712,19,13,0,0,0
5.819714019143988,2.6899340443509767,7,21,0,0,0
4.645985966358102,6.8045662635932525,17,7,0,0,0
6.949818861265426,8.601223971892045,5,10,1,0,1
1.0493017841817487,2.4204501586252745,13,18,0,0,0
2.103495799188686,3.460165676448396,7,21,0,0,0
5.342422059764451,8.825334858196,0,1,1,0,1
1.3271575404306035,5.675408482615581,13,6,0,0,0
1.6748258225906976,1.0456784033440025,10,9,0,1,0
9.362122462436899,0.5197128365147241,8,8,0,1,0
6.253046602139478,7.834227259416147,14,17,1,0,1
5.530014525919585,5.974758626319301,2,19,0,0,0
0.8162998203058958,0.603520839905638,11,13,0,1,0
9.758652558191313,3.3689579177110685,7,18,1,0,0
1.6167254414680265,0.208611392915381,18,18,0,1,0
4.932768467837995,0.815264895524267,18,8,0,0,0
2.576828885112137,4.626229567393163,19,14,0,0,0
5.0484488189301775,5.433005233632883,18,19,0,0,0
3.9551516984901527,6.061887135611715,14,20,1,0,0
9.921333163406723,2.8385452860864504,11,9,0,0,0
7.33113022415281,1.315676851272598,7,20,0,0,0
2.3754332492387764,9.713950940416396,4,9,1,0,0
8.707499012725114,4.453052550026655,6,21,0,0,0
6.521232455304379,3.121480566964471,1,5,1,0,1
7.734731256866007,1.3087366071834983,12,0,0,0,1
0.7349674733001266,1.6975790508754074,9,9,0,0,0
4.308875236618059,2.487142725876299,10,8,1,0,0
1.6761921628831766,0.3667142693354297,4,21,0,0,0
8.441704489691972,8.056701529500533,14,16,1,0,1
2.697496115169896,0.5708685608931485,4,19,1,0,0
2.2470117697268,1.800104374727235,4,22,0,0,0
1.4834320096208886,9.86630122958847,10,11,0,0,0
4.547398556338591,5.155960285792503,17,6,0,0,0
0.2997358987267795,3.079299415911909,15,22,1,0,1
9.699120461072704,0.9390071578941839,7,7,0,0,0
1.771497894473859,6.926259522261645,10,14,0,0,0
8.308771913417054,8.646088359550367,16,16,0,1,1
9.186777969935044,6.006095425462361,15,13,1,0,1
1.0659303030799072,6.5784530460303605,17,8,0,0,0
4.069079607228706,8.707534503372592,8,0,0,0,1
8.78515561301348,4.0414032165103295,13,10,1,0,0
7.622851347766158,7.978136488586345,18,1,1,0,1
6.490746587943931,3.2838122788508106,0,21,0,0,0
3.804197042327977,5.484997216514768,0,20,0,0,0
0.1466705704626381,5.870617077011509,7,11,0,0,0
5.004453091307415,5.423636649797383,7,13,0,0,0
8.137662883195864,1.0891834184673144,4,20,0,0,0
4.766954750411592,3.943653238183502,5,11,0,0,0
0.1823258267636163,1.957779856835461,15,10,0,1,0
9.270345447963066,0.6026739028956085,12,3,0,0,1
2.567765677205079,2.8487290196192285,14,3,0,0,0
6.103337833109183,7.161506742231936,16,9,1,0,1
1.2322265417216605,8.594157932805892,6,10,0,0,0
7.9340725814783735,1.8522844654740966,3,23,0,0,0
5.502265421562617,0.43412532854819164,9,21,0,0,0
8.191888594267901,8.842064633484078,8,21,0,0,1
4.110284698067047,8.398613028667203,7,23,0,0,0
3.0206050183479505,7.319580675856345,3,4,0,0,0
7.666561352004059,1.4970396795695773,17,17,0,0,0
8.627970775432285,2.1673980009077565,16,11,0,0,0
6.070940360887808,5.4669741271407,9,2,0,0,1
2.745402540001254,5.9704691689569165,17,1,0,0,0
7.245168513986181,0.1582109176558244,13,6,0,0,0
9.055247923296738,7.726227274493826,3,9,0,1,1
4.011879140389826,3.6695607920480064,5,2,0,0,1
8.31863113251422,6.696026161339619,11,16,0,0,1
5.928119916534227,6.801319311034514,11,5,0,0,1
0.5233887578650831,3.7847642348586907,5,5,0,0,0
0.6014234260078521,5.6229681587790985,3,19,1,0,0
2.0093368865905648,5.3582768447308124,15,14,0,0,0
7.954499607897292,9.271778194794527,12,7,0,1,1
9.924835021583752,9.270009679242953,11,21,0,0,1
6.2358568800275975,0.8912443211601662,6,19,1,0,0
7.820280876703859,7.087446977429765,13,11,0,0,1
3.6013640747151907,0.8764274676383854,8,12,0,0,0
9.423870191022331,8.733366617238477,5,22,1,0,1
5.6657536217141855,3.9104276305817445,11,21,1,0,0
6.279500527726358,6.743038064090484,9,17,1,0,1
2.1198249090223853,8.187350040742702,14,15,0,0,0
2.2361443449631127,9.573228878945873,17,1,0,0,0
3.1372769119409605,6.063709444333756,0,21,0,0,0
5.0256607646344245,3.986630277723131,12,19,0,0,0
5.0610755484675085,2.325513583653801,12,1,0,1,1
9.364491738836605,8.761051925980425,5,12,0,0,1
6.502010923981533,1.520248531286481,18,1,0,0,1
4.846015870188647,7.542535443438631,14,1,1,0,1
0.7462981433708171,7.826960407441492,13,2,0,0,0
5.094221281497897,9.966968538529768,16,0,0,0,1
6.557236725616563,8.480158852494014,17,19,0,1,1
3.677593508772896,4.1412975252892705,13,2,0,0,0
0.11031264428647214,4.161539981797615,5,4,0,0,0
5.353101314525917,2.152018720172375,17,23,0,0,0
9.595766443210334,4.878540439263625,2,4,0,0,1
8.44357082739616,0.9808258078424459,3,20,1,0,0
4.7601812936876655,3.7588828514576935,19,17,1,0,0
8.920846889402345,9.553346865039282,16,9,0,1,1
4.376031240553919,2.5467062204605115,9,1,1,0,1
4.614774646247342,6.3720147680828045,1,7,0,0,0
6.139335847600618,0.6665204056068996,12,16,0,0,0
4.432730874436182,0.47830820394105467,7,0,0,0,1
8.021305581275875,1.0536753395280596,16,12,1,0,0
9.91588408870274,9.707499576706702,18,13,0,0,1
4.121309302627716,5.4961604371892445,7,10,0,0,0
9.678600348450304,2.9544477747742026,7,15,0,0,0
0.10427699397403067,2.554134846852195,3,17,0,0,0
0.41951223431636264,9.684887775943839,3,22,0,1,0
4.860155029775399,9.202971812194077,15,21,1,0,0
0.43735625879969486,1.1080796217980704,17,10,0,0,0
4.394049896944522,6.129395824945255,19,13,0,0,0
8.869249002092696,6.458108126552061,2,18,0,0,1
8.465143386902781,9.189265336395545,17,6,0,0,1
7.481919059789975,5.578132255110699,11,7,0,0,0
9.846697395245082,9.373880664971189,12,21,0,0,1
0.918708877100447,9.651297421269966,14,14,0,0,0
4.134164492952614,7.581850110765373,0,12,0,0,0
1.5156937158767358,0.9375692064555663,11,18,0,0,0
1.608481739577462,5.58042325148967,7,14,0,0,0
2.779020972488678,1.9395386726777486,9,0,0,0,0
7.330712960296748,6.159854502601791,1,20,0,0,1
5.241591707261622,8.48047791130772,11,19,0,0,0
7.586763901110048,6.783788228551418,15,1,0,0,1
5.020502134884471,1.2471405691139048,14,23,0,0,0
2.1720909769121057,1.378228991592354,5,23,0,0,0
0.29071380343953734,1.6688511785487092,12,20,0,0,0
5.101097124988252,7.234047656122863,4,3,0,0,1
0.5280396046852809,4.865976622437531,17,3,0,0,0
4.982556822634536,0.7705827913433116,12,18,0,1,0
7.886149646724064,5.172690564416094,15,20,0,0,0
4.340193661738753,0.8860042967961723,19,16,0,0,0
9.983475113929497,9.331133313435577,12,14,0,0,1
7.85651618080232,1.1833619092338732,5,19,1,0,0
5.718722712271865,5.877693608621982,19,6,0,0,0
7.00251959444521,5.85810145971902,12,12,0,1,0
9.406792451153406,2.5929675886577375,13,18,0,0,0
4.809060007530697,4.351803992553568,4,4,0,0,1
9.039133302603746,9.093901920083962,3,6,0,0,1
1.3535408227768553,7.513750860290457,3,11,0,0,0
2.8218707469320012,2.6170568373590597,2,9,0,0,0
2.71949726128631,7.593982624179637,9,9,1,0,0
4.875711936733843,0.3361360018328263,19,8,0,0,0
5.324206822752171,4.110956026007066,6,20,0,0,0
5.483205837264242,1.279882085335864,15,23,1,0,1
7.8771301552770865,6.24425446471728,4,11,1,0,1
7.251557275511148,1.91190701464789,16,2,0,1,1
3.495063720868188,1.1409578488793337,17,11,0,0,0
6.8375410557704255,5.451055282606997,1,6,0,0,0
7.078350972297686,5.4353821734264605,5,6,0,0,0
1.6577454016327575,9.456981470002823,15,9,0,0,0
4.1176554158450855,6.509734671509541,11,15,0,0,0
9.780618179735285,7.939897163680061,16,9,0,0,1
5.448477590845156,7.584250178691111,19,19,0,0,0
6.596293663947423,1.6161981128587144,13,20,0,0,0
0.2716742122555982,0.6520459126049205,2,16,1,0,0
7.983441882243283,3.7193266791686486,17,19,0,0,0
2.037664591276891,5.233296311947413,8,10,0,0,0
6.426746576724236,1.9584081258691888,13,22,0,0,0
5.578201919292014,1.6603431341619546,15,19,1,1,0
1.6885420667768614,5.070511038654411,0,17,0,0,0
1.5210428322227287,4.40323418368349,5,15,1,1,0
8.036035354415352,5.052067735766382,15,8,1,0,0
6.67919998803627,6.346712732539414,3,20,1,1,1
1.2982644895171758,6.868609976750291,2,22,0,0,0
2.0975294768368133,3.790271262190974,2,1,0,1,0
9.182079996227753,1.107484453189581,11,19,1,1,0
4.592651971732139,3.577982653254418,1,11,1,1,0
7.120140203307807,8.259782127080818,0,15,0,0,1
7.396713007267637,1.912604179145867,10,8,0,0,0
7.380691233385171,8.061958810037908,14,21,0,0,1
1.063437262557746,3.1491958861296765,14,15,0,1,0
8.3704112524294,2.792760884544104,2,0,0,0,1
3.6037781993034756,0.6850540662697957,13,5,0,1,0
7.660647765353026,7.884473432532987,12,16,1,0,1
6.707323119058341,5.6044063098044,1,5,0,0,1
3.816119398672001,1.2884871200025483,18,3,1,0,0
0.18000088945214987,4.214440415792474,13,19,1,0,0
7.076883263306187,9.727763228920859,2,15,0,0,1
9.817986932606276,6.213444972535296,8,19,0,0,1
8.727538395661279,1.1258039041193701,5,18,0,0,0
2.41893828258839,0.1240403627731479,19,16,0,0,0
2.2635149434148594,7.302461470901459,8,2,0,1,0
8.772617628261795,3.3040800387577383,8,7,1,0,0
2.395101699095381,7.945782787001903,11,15,0,1,0
5.73349345635218,6.588250701400705,15,17,1,0,0
7.375657490928268,5.252397575201602,8,0,0,0,1
9.558244837207523,0.25141958277272725,14,23,0,1,0
7.738796557301564,6.019234310151315,19,13,0,0,1
4.452461122847882,7.888022639053595,18,18,0,0,0
3.8451132764481253,4.876670686212644,11,3,1,0,0
9.83840312855438,2.6895894582647104,5,22,0,0,0
0.39765964988569547,6.0407167707121925,7,16,0,0,0
4.820410581120825,1.9609771273839294,2,12,0,0,0
5.16572628445979,0.05505799160420821,13,16,0,0,0
1.0802575413069138,3.388606493387516,16,19,0,0,0
9.317537194328164,3.9701504123719165,4,21,0,0,0
3.452231428016921,5.074119387178088,8,20,0,0,0
9.928168389990704,1.3148911989798162,13,13,0,0,0
4.110210752655457,9.07611002556555,12,18,0,0,0
7.184292298187352,9.540331275850406,4,12,0,0,1
7.175721247315944,8.295875568652503,16,22,0,0,1
6.652921019780552,8.003548790234067,3,1,0,0,1
7.511780478084181,0.7100766453325547,18,7,0,1,0
6.46450090124607,8.880390643601178,12,8,0,0,1
1.1573760667870536,1.5432156528307939,2,21,0,0,0
5.299915229264187,8.290177325454911,7,1,1,0,1
2.9504070765415626,4.86000493797603,12,11,0,1,0
2.1605136501168722,4.666077846972159,5,16,1,0,0
4.038978641701237,0.7761464473144086,8,17,0,0,0
7.983803405183525,8.224223736682784,11,11,1,0,1
8.896520330175663,0.1230970301607559,3,7,0,0,0
1.6686020169875282,4.305293384622075,3,1,0,0,0
1.5445974722332378,0.2544775990575088,17,14,0,0,0
3.1121749506339356,6.7712063973500936,4,10,0,0,0
9.880359661555918,4.540016211961149,3,23,0,1,0
9.77452117990368,5.3191270652426335,12,23,0,0,0
9.256373300253358,4.141502243282268,18,21,0,0,0
4.878511971924064,1.3004778251113869,4,14,1,0,0
4.441277131657516,9.948579730593215,8,22,1,0,1
1.5158429286987996,0.30937644731341973,15,14,0,1,0
5.537114853580112,5.41704812410004,18,8,0,0,0
1.9462383670487193,0.5764758219902488,13,12,0,0,0
5.577088262500439,3.4727703903050755,2,10,0,0,0
4.017788006543243,9.938483888996982,17,3,0,0,1
2.0131210782243327,3.951377432643186,4,18,0,0,0
1.3237237903497245,5.930145003605976,1,18,0,0,0
0.3798156328985347,7.4586003862701205,6,11,0,0,0
4.667820772311879,0.34461259425,5,19,0,0,0
0.936724207059102,7.546212215985918,5,15,0,0,0
5.224441454054645,5.627116990223392,14,5,0,1,1
5.772790292331313,8.655771456245523,13,18,0,0,0
7.645277946547177,5.735289514555733,12,14,0,1,0
8.539619669554222,4.391498166337483,16,7,0,0,0
2.560475651049543,0.3079004966044785,14,5,0,1,0
7.625963946941753,9.292573980072293,10,15,1,0,1
3.587155254170135,8.04437207679505,2,20,0,1,0
9.905460327701334,2.0065101740376123,16,14,0,0,0
7.3786951856153005,8.341445970006758,0,2,0,0,1
7.689227821076409,6.585405156700549,0,7,1,0,1
3.9910018807372305,7.2314948646462955,13,7,0,0,0
3.061373408795932,5.491303362771727,13,5,1,1,0
0.0608874823983907,1.009411999775215,5,1,0,0,0
8.420744373985793,2.422312178245669,5,22,0,0,0
6.668544210142678,2.111124711661362,1,12,0,0,0
1.5232958946453545,2.6616801251553746,6,13,0,0,0
2.192739619238757,0.3366917821387272,18,8,0,0,0
1.878428525377741,7.197914533546861,9,21,0,0,0
6.370908370809049,5.262784603382027,17,19,0,0,0
2.8997011894360902,5.632889309538147,3,23,0,0,0
4.014456309131936,1.5862414452637796,1,17,0,0,0
2.715470474112424,4.024466374336689,16,10,0,0,0
7.069764874557162,0.6268962162186587,17,21,0,0,0
7.409040561520714,3.162701497293068,10,11,1,0,0
8.427119021605549,3.1334791758514315,3,8,1,1,0
9.09943143854392,3.7731805396319285,11,18,0,0,0
4.938140404569287,3.8764880545564706,9,22,0,0,0
6.663854135782064,9.660475051286772,11,10,0,0,1
1.0536492225085647,7.818238633449356,11,8,1,0,0
9.567998154842861,5.0040114571020125,8,21,0,0,0
7.707806182638798,0.028812516656145926,6,13,0,0,0
4.157975006874501,7.196538166105304,8,12,0,0,0
6.477131710629215,7.962405955628543,12,23,0,0,1
6.516397604772766,7.385974581323307,5,7,0,0,1
4.681541413010304,5.791752553747221,10,7,0,0,0
7.820153349329672,5.438057278662374,14,21,1,0,0
9.110687027673837,8.382653595457048,16,4,0,0,1
4.042897472548691,5.309376784120938,19,2,0,0,1
0.41656818382682426,3.9764757959203614,0,3,0,0,0
2.1980534882319,1.3151826691637791,11,14,0,0,0
8.071555373648826,1.2020722912057624,5,14,0,0,0
7.390265577879587,2.2326338550519633,11,0,0,0,1
5.483820361956539,8.792551148463847,18,3,0,1,1
6.061465649334798,2.9114424778517902,12,0,0,0,1
7.101354317980658,9.373784381643208,1,2,0,0,1
6.716422815460298,5.822087597682311,7,22,1,0,1
5.444823328002629,9.627683502532062,8,19,0,0,0
1.4080294889267608,6.224136415659967,9,6,0,0,0
8.111237699334708,6.359547071637285,14,12,0,0,1
3.451922084942105,9.174858431319903,14,0,0,0,0
9.30606804846537,4.973124461689724,8,16,0,0,0
3.019167000775018,7.610883060238756,13,17,0,0,0
7.6085434451449565,5.468596409751262,13,21,0,0,0
4.455416387418909,2.0918546540792784,10,5,0,0,1
7.931428739967394,8.53784921704667,11,10,1,0,1
4.98236000499273,4.066740699985831,11,2,0,0,1
1.7609547133059467,2.139570386882369,17,18,1,0,0
7.321226068429558,3.5504105645195825,16,18,1,0,0
9.670526814260349,3.927937758093434,9,1,0,0,1
2.3203982890110595,4.582346503928338,16,14,0,0,0
8.5520698501837,6.030643061705165,4,21,0,0,1
8.047531219896948,0.4605673418995637,9,9,0,0,0
8.082754395559377,2.5382107815669483,2,7,1,0,0
2.8888493890916567,3.9783662550215695,1,3,1,0,0
3.717240664023432,3.9245818622948003,2,6,0,0,0
6.220395623709938,9.92442289374779,19,13,0,0,1
2.403989128935069,1.9159294573482577,12,0,1,0,0
7.5177217303909325,2.2869440940036476,0,10,0,1,0
2.248902168159125,4.313806487740747,10,12,0,0,0
7.587762537573251,2.8249606597285224,6,11,1,1,0
4.009417624730467,7.6310836360130825,9,7,1,0,0
5.911303032585165,1.8613589775334793,18,12,0,0,0
0.7115828517343281,0.690075926128163,14,13,1,0,0
8.108785810079183,8.35825927910516,3,14,0,0,1
8.247878562777867,5.156594058564535,16,9,0,0,0
9.310099708852999,3.918239632835,8,22,0,0,0
3.6217625479872826,7.231282738825541,7,21,0,0,0
2.304166621173499,0.01473822086311416,14,19,0,0,0
6.630471918034225,7.418963269587151,4,18,0,0,1
7.126213330985128,8.16779466505636,13,4,0,0,1
8.066935196947393,9.848584027624758,7,14,0,0,1
7.093208284726096,1.6732130400106038,8,9,0,0,0
2.6532613755546697,6.015538792998241,19,21,0,0,0
1.0251596406647445,5.138544642067677,18,4,0,1,0
1.590250037402613,1.8019575412814792,6,23,0,1,0
1.2512525714174694,8.504716147608377,16,22,0,0,0
3.453419522448878,3.356104542698427,19,8,0,0,0
7.270567616153901,5.6207279440257105,0,16,0,0,0
7.86205652261058,7.344439320755915,17,3,0,0,1
0.11417983454073632,7.0369977962905095,13,2,1,0,0
7.0487101004338175,8.171281420155852,0,23,1,0,1
3.0883442400734085,4.822643612521922,7,0,0,0,0
9.524671166878468,2.2672738232996323,10,2,1,0,1
6.250291860852057,3.1654966526786996,18,3,0,0,1
6.248740996069989,5.717459831437487,15,13,1,0,0
6.740199190587926,0.5183579911972902,16,19,0,0,0
3.5295850345235658,6.212924490496102,0,4,0,1,0
0.6835320030995862,7.837598424841072,17,4,0,0,0
0.7211109292943518,2.0540140847802935,6,4,1,0,0
7.334867464921039,1.1619095652544598,18,21,0,0,0
2.7785277608971226,2.763191084658536,9,19,1,0,0
1.7936468201221045,9.706765454097441,4,9,1,0,0
7.045544280274453,4.227286368939323,16,17,0,0,0
5.167899391281582,7.401613687614631,1,9,0,0,0
1.4394191357223085,5.953596612586041,14,21,1,0,0
6.957974776554448,4.580222116682587,2,21,0,0,0
7.037923109905076,3.7325981446275893,9,1,0,0,1
3.129073942136482,2.7109625376406576,1,5,1,1,0
6.122581507618446,2.1308500868480817,18,9,1,0,0
6.252047695304422,3.735548010476819,12,21,0,0,0
9.362671394132192,5.419900748897659,18,3,1,0,1
6.172490208487257,7.394082298313118,5,12,1,0,1
7.428249749063163,3.2704464415181778,19,17,0,1,0
2.5871164215544096,4.344033190066098,8,14,0,1,0
5.468759658760446,6.706755253823255,17,16,0,0,0
8.183695664813373,0.5001857682111222,19,16,0,0,0
2.7080632803697258,2.475597702798864,7,13,0,0,0
6.728716685980798,0.8114917853623915,15,0,0,1,1
4.935009921544083,2.833047624249306,13,18,0,0,0
7.379173933540254,5.214490241668801,18,22,0,0,0
7.997187639648612,3.3360678902904315,0,5,1,0,1
7.873733450051056,4.113394664991439,10,23,0,0,0
4.4254551481474556,6.493223245768816,4,7,0,0,0
7.850977140957076,5.988454000794389,12,21,0,0,0
4.910957293831651,9.271106288584273,14,10,0,0,0
6.55173714524338,2.6023659798522933,5,5,0,0,1
1.8564670490124302,6.642193849889683,6,16,0,0,0
1.1043186341110267,2.8918744629594983,3,18,1,0,0
5.355538148796725,3.568859751711102,19,9,1,0,0
9.137884438732593,9.52815017002506,3,13,0,0,1
2.3178359028935,3.186089627636072,8,6,0,0,0
1.9386306793689267,8.588167711681546,9,6,1,0,0
7.483558536657398,4.392106012497173,8,15,0,0,0
7.2192922751567945,3.8480361722110326,15,12,0,0,0
8.629723989869625,5.318890790075141,11,7,0,0,0
3.4522995366997247,4.142009255718303,9,0,1,0,0
1.0534548448133318,2.223613047481703,8,14,0,0,0
0.5773215922511721,3.9103286912739863,18,6,0,0,0
6.16300485925724,5.5687844317209585,14,23,0,1,0
6.964298070361073,7.021460961818295,0,2,0,0,1
8.705269662693842,6.314189212183764,15,12,1,0,1
1.1720390568023342,3.3720657556575206,16,20,0,0,0
6.788977250778405,7.729867213055868,6,16,0,0,1
8.573089023608409,6.732464393545316,2,16,0,0,1
0.09978776658449373,7.2344366235491195,0,15,0,1,0
4.850946599795401,3.3362839583686563,8,8,0,0,0
8.549740195614744,8.825598767723474,2,18,0,0,1
0.15508330626592182,2.8088196518624375,1,7,0,1,0
1.817232932281565,7.430815396313801,14,11,0,0,0
4.504785714705953,5.133682102249155,14,12,0,1,0
3.2116215263595347,2.2011132590475313,13,9,0,0,0
4.642385197392249,7.227377522388046,10,3,1,0,1
6.616842883998565,4.839893681797472,1,1,0,0,1
7.665150495325847,5.8371358773136395,4,3,0,0,1
1.40324518193515,6.711574733796887,11,19,0,0,0
3.4696265973455844,3.907551523296371,16,8,0,0,0
6.5413273702787365,8.891279239400099,4,20,0,0,1
4.739212201161028,7.16397111958099,15,11,0,0,0
5.99771314970498,8.615137072268936,11,7,0,0,0
0.7697166938087407,6.961561451379252,11,15,0,0,0
2.7194603941844875,6.9235892246105815,14,16,0,0,0
5.287244190984357,8.259177073160304,13,0,0,0,1
0.6314029292739132,7.767904834072271,14,21,0,0,0
7.867083407073091,7.736625648956657,19,5,0,0,1
4.63990131464425,2.6400434995946584,2,0,1,0,1
6.66847391305658,3.230273457540939,13,13,1,0,0
9.961576734987789,8.254156641239481,1,6,0,0,1
0.9491793682166971,9.988926120332906,10,5,1,0,0
0.05718581360789288,4.6582575322312465,14,9,0,0,0
0.22425889162055124,3.604268271414861,18,2,0,0,0
3.1219636821760366,0.15742912995676983,13,15,1,0,0
0.3893801668766561,8.371196278306522,10,3,0,1,0
8.644332468683642,5.86936506558907,3,4,1,0,1
6.7612539758829024,1.384354933293943,19,10,0,1,0
9.291395200154627,3.419052781054903,4,10,0,0,0
9.811179078679357,6.495089297074474,16,20,0,1,1
0.533479969888977,4.54764342552661,17,13,0,1,0
9.416919866580306,1.67357032236781,4,23,0,0,0
0.6980065461462892,5.546877097800863,0,8,0,0,0
2.0416655916824302,0.42342278772383835,17,14,0,0,0
0.6060490771490978,6.853953434460057,0,13,0,0,0
4.548724428028682,6.857005429336439,5,11,0,0,0
1.5369104284420454,5.726072328820225,5,12,0,0,0
5.928401805081101,3.5492466087701002,19,10,0,0,0
6.068469555401391,8.809730056396575,15,16,0,0,1
8.629968313588721,8.860934353132082,15,15,0,0,1
9.972378999036026,0.30026005329392813,9,8,0,0,0
9.40773299689501,7.75911532807306,13,7,0,0,1
3.959615887476049,6.693086091618792,9,22,1,0,1
7.894094219135857,4.162180588453493,1,10,0,0,0
1.009781068177611,1.674910890941077,4,23,0,1,0
1.1443151861235856,0.08706147062543579,7,7,0,0,0
1.2967897822423535,2.5646306101676597,16,23,0,0,0
2.1050693966534295,8.090236402916764,17,3,0,1,0
0.827368356181899,4.845379950800108,10,23,0,0,0
4.784961162559619,7.805560268872139,13,4,0,0,1
0.8227232427706188,4.595840572136231,9,22,1,0,1
3.638096411409335,1.9072598759089465,15,23,0,1,0
8.622029736581888,3.1387549672247053,6,16,0,0,0
3.714672626243768,1.9516651721865041,17,7,0,0,0
4.831808633136685,8.382304210818006,6,11,0,0,0
3.282331056783394,4.53989911199699,7,15,0,1,0
5.101483804563233,7.362398101338331,13,4,0,0,1
9.323227582288776,7.416026194517855,5,6,0,1,1
2.786430631150364,2.1870980032358323,12,20,0,1,0
9.699265253451909,5.712604699370973,5,5,0,0,1
8.939852050469607,3.3748032567489816,4,2,0,0,1
2.5264603062128668,5.200740611111504,19,8,0,0,0
6.234778305192964,6.00281460528037,16,12,0,0,1
2.6537011160197546,5.543374743403449,12,21,0,0,0
9.485029432181948,9.446657321710951,7,17,0,0,1
4.6806905423429015,4.662994129398188,15,12,0,0,0
7.0408327132133905,9.351720867264934,17,16,0,0,1
6.743996518139816,7.628933355543641,15,12,0,0,1
6.700325378075668,4.683301859338135,11,19,0,0,0
2.784707289275523,8.529819953305914,8,19,1,0,0
7.537340704280045,2.1550075886755105,14,2,0,0,1
2.8104975016688916,1.7349605035502202,0,7,0,0,0
7.507696492110557,1.2548629679915069,16,18,0,0,0
5.657815548409964,9.291447172116873,5,20,0,0,0
8.26858560972753,5.247356376614322,8,12,0,0,0
0.3010387221131894,9.614923245741121,7,23,1,0,1
6.533834984786806,1.9230989603362747,1,16,0,0,0
7.390669759393726,2.7746467972495403,10,19,0,0,0
7.062461625552622,6.226895409497974,13,16,0,0,1
0.7893940294655555,4.4279813654373745,0,13,0,1,0
9.354845135274957,1.8573307200518563,15,0,0,0,1
2.399893638699575,7.101326405645373,13,8,0,1,0
2.466586158054065,4.709602524347335,9,2,1,0,0
5.7789111269408835,9.043597749938572,4,7,0,1,0
0.06877962219649314,2.1244727719547294,11,16,0,0,0
8.955628481318387,9.091752640535857,15,17,0,0,1
1.8463245734736922,3.4210762086359403,19,1,1,0,0
1.1692353552539148,6.821531615616349,13,0,0,0,0
5.836050370080997,3.9012023468833923,5,20,1,0,0
0.15176882286826898,5.814171055820205,2,14,0,0,0
4.108570918404965,5.605798090010486,19,2,0,0,1
0.9873720688266585,0.7566110390411085,4,4,0,1,0
0.6723418009056115,5.948473795019096,0,4,0,0,0
5.322918759514544,1.0326500887504841,12,10,0,0,0
4.235479159918963,7.935706545388016,6,21,1,0,0
1.4430920072160303,1.1570131818030216,11,14,0,0,0
6.139703063252327,2.528581182501112,9,4,0,0,1
0.7643986103944767,8.958841811926595,15,16,0,0,0
5.573105753143085,1.560358113399769,5,16,0,0,0
5.656881721410057,1.8267238423966814,7,5,1,0,1
4.591240232866809,3.0328589084928295,2,12,0,0,0
4.207612017659258,6.016821640182961,14,16,0,0,0
6.541601542860985,6.192390320535816,3,5,0,0,1
2.2398254586508113,2.3914254543452316,14,12,0,1,0
6.933351537347066,6.48235897382097,19,11,0,0,1
0.4678584497176852,3.1965205529206253,16,15,1,1,0
3.5489768348655404,4.1317251720771955,13,2,0,0,0
5.563280072570793,0.29155186022088997,15,3,0,0,1
7.101147663372793,0.957290547443973,7,12,0,0,0
3.130501450631469,8.364984906180336,6,8,1,1,0
3.1658675990865115,2.8569959404476455,9,9,0,0,0
4.284579038487955,7.31496464043139,10,20,1,0,0
9.43174822961285,2.3714446597771124,11,5,0,1,1
8.442123252861432,4.840205725094041,8,9,0,0,0
8.843551504557535,5.594054257273569,9,15,0,1,0
3.2434580769505574,2.3389693147220347,18,3,0,0,0
4.405735280123073,1.324046134964546,15,5,0,0,1
0.2576959876435114,6.035288065011209,13,9,0,0,0
1.9809551672028958,0.6569211648965922,14,8,0,0,0
4.171934185645765,1.6022560097650629,12,22,0,0,0
8.979646468477885,0.8412766225938284,8,9,0,0,0
1.630191138148862,2.3381283309306413,10,15,1,1,0
1.354595367946908,2.314752137652981,1,6,1,0,0
2.136981415703284,4.20004074081405,18,21,0,0,0
0.11302536589022472,7.87371958149273,14,15,0,0,0
5.662150157526166,0.0625747102647023,14,12,0,1,0
5.131830837567788,1.944476444316886,11,14,0,0,0
2.260790710105627,8.173053122132368,4,16,0,0,0
3.3745427896422897,8.706884554574394,15,21,0,0,0
4.925353807142892,4.4210703467972,2,19,0,0,0
1.6136735838838312,5.719958782835928,4,19,0,0,0
7.339053770018694,3.465587598165476,1,19,0,0,0
8.273565548261455,5.848386316888821,18,4,0,0,1
2.5982813794029944,8.860861088135163,19,21,0,0,0
4.113039720662313,2.405315851801487,14,18,0,0,0
1.0559154597664,0.45294643613077445,10,3,0,0,0
0.8122963480667267,9.925817954877633,9,11,0,0,0
7.938181039080396,6.594229620819975,18,9,1,0,1
4.464419217965487,6.18772077041005,16,19,0,0,0
9.344330387534415,6.8908765374822964,0,6,0,0,1
0.1620039733946721,8.183804247795353,16,6,1,1,0
6.520930618816506,7.809193563860904,6,0,0,1,1
0.6100714300539489,2.8783129885160585,17,11,0,0,0
1.5177540985110205,8.895766183304922,1,11,0,0,0
4.290623693026659,2.7592269438054684,9,21,0,0,0
6.611406784286965,6.522353531324407,14,12,0,0,1
1.2200741357688905,7.013832855596901,8,21,1,0,0
4.113745714125894,1.263864224056671,8,1,0,0,1
0.27852240821074403,6.3137532604825095,0,15,0,0,0
2.959320294366161,6.638244748527251,13,21,0,0,0
5.768812013112084,5.639195667556237,9,4,0,0,1
3.409585714355583,9.172680665776806,11,23,0,1,0
2.9335342144100984,5.2547030735589315,15,12,1,0,0
8.375308340760556,6.1448577751163125,5,0,0,0,1
2.17891379626744,6.618345851139981,7,15,0,0,0
7.287780544506475,3.235304124854915,12,13,1,0,0
1.3457626710410775,0.9441889766048095,8,13,0,0,0
1.0343411486048337,4.020272168882407,7,4,0,0,0
0.0003071884538241587,7.12137045880605,16,10,0,0,0
8.1527633109056,8.944043886485073,19,22,0,0,1
8.12258120990342,3.840426383911004,1,5,0,0,1
0.949652752283765,3.1491844458889573,10,7,1,1,0
5.3187176650501655,8.736185287372153,2,10,1,0,0
3.057439574472911,4.027037209945602,19,20,0,0,0
3.6467067623433658,7.385058785105187,4,18,0,0,0
2.56743496309758,8.040956696335929,18,12,0,0,0
7.803478627401585,6.737017335421564,19,12,0,0,1
1.9624571670616564,1.255497898984771,9,10,0,0,0
5.8556372879330185,5.413744209074382,19,22,0,0,0
5.855876838726125,5.443448876343211,13,18,0,0,0
0.41578959846593766,4.981299435480424,5,10,0,0,0
1.5391950978290503,9.77031676545176,7,9,0,0,0
0.746384310794288,9.077354331775126,3,23,0,0,0
3.3730283646748638,9.415768527339338,4,13,0,0,0
7.6652731622162715,7.021074541137926,19,12,0,0,1
6.761050258143518,3.072389618477205,8,16,0,0,0
9.693218122841788,3.7783921372718665,18,10,0,0,0
6.58102218056492,9.977493890102005,15,2,0,1,1
1.1514617839520114,8.832736014262238,18,12,0,0,0
4.420334209311235,6.482334688078461,5,20,0,0,0
6.487653861593859,9.545659288588107,8,6,0,0,1
5.817366474211867,4.014617790890433,19,15,0,0,0
0.3808630059931928,6.199685648741642,3,1,0,0,0
0.9859423024193648,1.1647784967333707,18,8,0,0,0
5.6585056031324665,9.080185454216624,17,10,0,1,0
1.5144552193535732,4.327714843418189,3,2,0,0,0
7.55133617445196,5.866239182836627,3,13,0,0,0
6.300931268616634,8.286529061182893,17,1,0,0,1
3.230997016663373,9.877495390991886,12,0,0,0,0
4.0542282513915495,5.162832991976741,4,23,0,1,0
8.096750362658893,9.50532820954409,6,9,1,0,1
2.2669065207492367,5.66892796249536,14,22,0,0,0
0.5456540828269896,5.994611396587166,10,11,0,0,0
8.353725302842461,1.9688787177568357,10,0,1,0,1
5.035469815118861,0.6810902472352254,1,16,1,0,0
5.985629932177599,4.141410682156662,15,22,1,0,1
6.256507894272765,5.716076494829439,12,18,1,0,0
7.636922693503205,5.234013709220083,9,4,0,0,1
4.418337048019546,1.6336675839842019,18,6,0,0,0
0.5115020562039763,3.977934409290982,12,2,1,1,0
8.391466080707525,1.453266924205041,3,7,0,0,0
5.738658496770963,5.66018424887821,15,7,0,0,0
0.4869484839992977,0.9800768478074107,5,20,1,1,0
6.4557218142742805,0.455851579486688,10,16,0,0,0
0.7718753022646796,1.6988707321905727,16,16,0,0,0
2.458474424934003,3.5813971652914445,10,13,0,0,0
9.28051750228848,0.9114063944467754,17,17,0,0,0
3.311464891641498,7.659715748551791,8,18,0,0,0
0.2221848202558041,9.885399870457066,15,0,1,0,0
9.631590270650666,1.1475359941383545,12,15,0,0,0
6.175291150623115,2.0778342096169142,9,21,0,0,0
0.727349477786684,2.8060081323791595,10,11,1,0,0
9.616158070461656,7.302433343578681,8,13,0,0,1
1.8089190137889832,7.99157971104782,17,21,1,0,0
8.326117733261311,8.041655649838841,16,0,1,1,1
4.5964459738573735,6.757612928952238,15,2,0,0,1
1.3300979890732878,1.5873676337430953,7,12,0,0,0
3.5543933736406172,6.692190299248667,10,5,0,0,0
5.937806319434522,5.75593428640082,0,12,0,0,0
2.2460244007488486,0.6915356771850123,14,12,0,0,0
0.4331527325431195,6.9933946625264305,8,17,0,0,0
7.350251861898234,6.1010792203623465,12,20,0,0,1
4.1909947291708525,5.992992870063887,8,21,0,0,0
4.962392219008139,2.856259885622431,5,8,0,0,0
9.414742375060655,1.744092671114995,2,1,0,0,1
3.616470948410445,1.2537534923387328,2,16,1,0,0
4.945211251204079,1.2169530672667228,1,12,1,0,0
8.08394882304023,6.116464193899924,18,18,0,0,1
2.6879761503019814,1.9864457689740578,17,0,0,0,0
5.896534951515476,0.6737687152192573,8,5,0,0,1
7.726709881281666,7.148995340913137,17,9,0,0,1
6.048394293625812,3.874512959225387,7,8,0,0,0
2.6599769309265797,3.327808689607955,19,3,0,0,0
6.630272037231474,6.790666044956374,12,14,0,0,1
8.797524022943437,0.49220914540761607,13,8,0,0,0
2.206510596217485,1.3812529314024724,12,10,0,0,0
2.390663840750297,7.580404210112165,19,4,0,0,0
6.20371252123721,8.037552360117626,13,22,0,1,1
3.285581498857985,0.5446604736683758,12,17,0,0,0
6.320192084224364,7.261112593446369,2,6,0,0,1
3.1326647658061035,6.360684203522257,18,21,0,1,0
8.25211371259631,7.950580176061312,11,23,1,0,1
6.577161472759535,6.415685666849944,18,16,0,1,1
1.090136156409287,2.48539820927426,15,21,1,1,0
8.586981212445739,8.57230937369791,1,12,0,1,1
9.450240645805687,6.82540478767157,16,17,0,0,1
3.060471662287715,0.6368476750251673,10,18,1,0,0
3.2882261784860933,6.6231373873071995,7,15,1,0,0
8.585064545515545,1.3168690343620704,0,21,0,0,0
2.52314736135153,8.730431470152034,12,21,0,0,0
8.49098019958676,3.8339714105825893,8,15,1,0,0
1.8919579239035489,7.203839985864457,8,0,0,0,0
8.287089838180064,8.295627156830498,19,15,1,0,1
6.710129805329098,6.970241660042995,16,13,0,0,1
4.077780344061627,8.863803619601416,14,17,0,0,0
6.313759776433766,2.7055925648799137,2,17,0,1,0
7.755052967189994,3.9312179820707915,19,1,0,1,1
3.571923339930448,3.4409161784944207,1,14,0,0,0
5.0552079172349025,5.077578381885688,5,22,0,0,0
0.7336406745960267,6.631462489752088,19,1,0,0,0
8.950566039998332,8.532424691971176,16,2,0,0,1
7.521143326969748,5.128747423052678,1,22,0,0,0
2.596032837084785,0.01643757112449684,18,4,0,0,0
8.62076142576597,1.0540528595616694,10,4,1,0,1
8.222281125770106,7.528486558822063,13,21,1,0,1
7.055627116496911,3.0770281338984384,17,0,0,0,1
7.187181132622023,1.1060359887316085,3,0,1,0,1
0.5383052490845908,1.8987532909591998,16,1,0,0,0
7.390914219929531,6.865139430432525,9,12,1,0,1
0.09910695491153643,7.7804630648319915,3,21,1,0,0
5.624293741179209,2.7944530731890262,0,9,1,0,0
0.973668937912211,7.063719968099961,13,17,1,0,0
2.347544217249713,8.188692705204716,19,9,1,0,0
9.513968619791061,1.3702091003632066,14,0,0,0,1
2.239245877965895,3.6327279639889953,10,22,1,0,1
5.370413147419742,8.399977606043434,15,8,0,1,0
3.2040128614021492,1.6428684327240928,13,5,1,0,0
1.2384602670581746,0.7053563759295656,2,22,0,0,0
5.446308711071358,0.778565196087696,18,20,0,0,0
1.6881000578456418,8.539428821418529,7,15,0,0,0
9.347955174927833,9.09202136206487,6,3,0,0,1
8.784158630449618,9.525167896845986,13,14,0,0,1
7.0093536501799925,1.9427357100180143,16,18,0,0,0
6.455343564105222,1.5577326058017016,5,8,0,0,0
0.39811439445753827,2.7398809946997185,6,0,0,1,0
0.43100108948324056,1.7909493932818155,4,0,0,0,0
5.081417186651943,6.202413542689121,15,0,0,0,1
6.285664006472832,6.332632016094104,0,14,1,1,1
8.259409191119182,6.965614021440461,10,2,0,0,1
6.714060726437369,9.26308276921196,9,13,0,0,1
5.519363610604665,2.4183819541535314,0,3,0,0,1
5.643953803389897,9.329566255282273,15,9,0,0,0
1.9316000840843273,4.713082745741212,1,16,0,0,0
3.4292966275919587,6.83870124909032,0,12,1,0,0
2.4080381607317323,3.8680724205188,12,15,0,0,0
0.8975950056015713,9.108262646863153,1,0,0,0,0
3.076790894779485,9.260595598182654,17,23,1,0,1
2.4021943320838557,4.43771339092245,9,10,0,0,0
3.0146305945880068,5.993729928719863,16,15,0,0,0
9.520624466390027,7.379277689988003,14,3,1,0,1
4.991989468413318,2.165791856272409,18,14,0,0,0
9.615507321375663,4.448524328275409,2,13,0,1,0
2.9923200430106056,4.308582753822707,2,16,0,0,0
9.85768249585741,7.912842924966835,6,2,0,0,1
8.450396488966426,3.9505333785679597,16,23,0,0,0
4.503503857807928,7.489631508603986,5,15,0,0,0
2.1912606467080087,1.128431871836214,13,8,0,0,0
3.8048188549303585,1.0612558549099549,3,12,0,1,0
8.056022187702382,2.996686838414908,11,13,0,0,0
6.667315298575898,5.109707430450621,15,1,0,0,1
3.5796119453276463,3.3366089063369264,16,8,1,0,0
8.56964414776239,9.38714635374035,11,19,0,1,1
5.7356328002670995,3.4164111269060182,13,13,0,1,0
1.0815501457335674,8.421068624835117,18,21,0,0,0
3.400043860598921,8.696496848121713,10,18,0,0,0
1.8181765283733875,4.303465323722005,4,4,0,0,0
1.4054712799554292,2.8647373774458362,7,14,0,0,0
9.285968815306383,7.387435096159303,13,7,0,0,1
5.2758797327216564,2.589042747931396,8,5,1,0,1
3.027751282719672,5.324709078838974,11,2,0,0,0
3.7973740482164873,6.171942271169667,3,1,0,0,0
7.62212058314177,5.917169688924004,7,11,0,0,0
4.8978586798824075,5.286566039892756,10,11,0,0,0
8.051743973603768,1.857769546987078,9,20,0,0,0
7.499536818024079,8.051168513161777,11,21,0,1,1
3.8783426957109435,2.8787967806968084,5,23,1,1,1
3.363233942703335,9.205358851025547,5,21,0,0,0
3.2460916851016153,6.72755986246924,5,23,0,0,0
4.753858553554824,7.83000231347202,19,23,1,0,1
5.049114512501393,7.68747131362513,9,9,0,0,0
4.023070413823719,4.249535190624304,6,1,0,0,1
1.0056273208344435,3.9326148509921524,19,17,0,0,0
6.537867511244616,3.5019868102321903,7,21,0,0,0
4.042416421070392,9.932651964297465,1,9,1,1,0
2.84600382304681,5.172094276935294,9,14,0,0,0
2.0146392105353295,2.652085369968291,15,18,0,1,0
1.132996043982677,1.7191255772710434,15,20,0,0,0
3.173888500278852,2.203190986219675,7,12,0,0,0
9.062335194351386,7.434351739561944,17,11,0,0,1
0.10551122450189854,3.940901527745031,11,1,0,0,0
4.064165365740187,8.798377479414679,4,8,0,0,0
1.3128797200482423,3.096917111051891,9,8,0,0,0
3.009663196316217,1.8404477205021352,5,2,0,0,0
9.955109680158664,4.502768104415908,12,4,0,1,1
2.060056785520399,9.520956516529237,3,7,1,0,0
0.34431308573314556,4.458255498270161,4,9,0,0,0
5.383631021010228,9.132296862792705,2,8,0,1,0
4.4527402476470455,4.881175434337349,13,12,0,0,0
3.321725220617325,7.008084180017403,7,20,1,1,0
7.979980352192239,7.385460533969635,4,10,0,0,1
3.044904243540304,9.829468795547008,17,9,0,0,0
3.7720178245763867,8.01840168452806,2,22,0,1,0
9.476861770642795,2.1877170841087965,1,10,0,0,0
1.333444673163704,2.4254427658297075,9,8,1,0,0
4.743086648684303,1.6802005219267857,16,1,0,0,1
5.772160730089501,6.740378674249568,16,2,0,0,1
7.0109758736427,4.10731543491012,6,3,0,1,1
6.613426789447244,0.3840087732634456,14,7,1,0,0
8.568353497231763,4.668780991231044,15,1,0,0,1
9.38876975142273,2.9494582404234206,3,3,0,0,1
8.629596233130185,4.8055994083626805,16,17,0,0,0
8.777494048626249,2.0399460360938737,19,3,0,1,1
4.016968927597765,5.027501916096123,4,4,1,0,1
1.756720999559107,5.131898917098297,19,17,0,0,0
0.09543353067226645,0.7530143359846975,1,6,1,0,0
3.2923061534139455,0.5248171009972757,9,9,0,0,0
5.2155098391096715,1.2464742899281334,16,18,0,0,0
0.7921315000837081,0.47058379460018895,19,20,0,0,0
7.8350150258790885,0.10513224541653488,13,18,0,0,0
5.355424730977982,4.7698339261765375,9,10,0,1,0
3.3581636464153455,6.15069754014698,15,6,1,0,0
5.473047441146843,8.904409480010857,4,19,0,0,0
9.521439170763514,8.236455947530908,0,5,1,0,1
3.922670415235471,4.475518551060619,12,20,0,0,0
1.1536280130570387,8.696813233436627,15,19,1,0,0
3.471921675622119,7.9418234531718355,1,12,1,0,0
1.6144768603292103,9.607463027713553,19,21,0,0,0
4.499436742688596,6.929089110247677,16,1,0,1,1
5.382201018684753,5.33323547859605,3,21,0,0,0
0.5774107946703599,8.45012237155776,8,4,0,0,0
5.151670283865888,9.902851705849413,11,4,0,1,1
1.7046251158164205,3.8451581370626653,14,10,0,0,0
3.35843487039316,5.1386652571327165,18,23,0,0,0
2.2438297979979547,5.045029240548358,14,20,0,0,0
5.11093821472398,4.455178144931612,13,6,0,0,0
8.725199518293623,2.4414756050690722,7,6,0,0,0
3.887684128615969,1.3141238285526846,8,6,1,0,0
9.581381198044962,2.476316430714387,3,18,1,0,0
1.606336126185507,1.7302386975116435,15,11,0,0,0
8.217524169853904,1.389689918866246,6,3,0,0,1
7.111600875277661,0.06796548586111784,11,4,0,0,1
5.7654498995114,9.833407684142266,3,14,0,0,0
6.0732441679306595,0.8857833963664408,1,18,0,0,0
2.109698906199504,8.416220075427741,13,18,1,0,0
9.378257999850671,6.771449666716692,18,2,0,0,1
2.2009006604727244,2.5398475337625346,1,15,0,0,0
2.7114225338058806,7.603282214041377,9,16,0,0,0
3.909174268411623,9.764565294354101,2,20,1,0,0
7.16606298960031,3.5866136302645915,11,7,0,0,0
8.448640854105085,3.5967556122306776,16,13,0,0,0
7.015652656029423,0.09827552569787845,19,16,0,0,0
3.040946359712838,8.116270144448535,2,21,1,1,0
6.9292022922478855,9.873684723122,8,4,0,0,1
9.150984544900298,1.5636214164487505,7,12,0,0,0
4.744349141471741,3.337765970697978,10,2,0,0,1
6.31722418326584,5.187478471147094,7,9,0,0,0
3.1023528374470475,1.8176359776119422,19,12,0,0,0
1.3328425808217315,9.277457330754073,10,11,0,0,0
7.75877254469693,8.07957328109019,19,13,0,0,1
5.773534012196677,6.46407375228089,17,7,0,0,0
0.852683416116774,8.661837088690294,18,5,0,0,0
4.320105589303626,9.99049498103645,0,9,0,0,0
8.771275618985017,5.281892617563562,8,1,0,1,1
1.2908619514246178,7.422987567339443,12,20,0,0,0
8.994125221673253,1.3353423316074942,4,9,1,0,0
4.539261364217959,5.069996201433474,18,14,0,0,0
4.36757817847075,4.640004281964263,19,18,0,1,0
7.2532639073587815,8.363785774103993,5,10,1,0,1
6.809532914035762,8.793244633625607,2,10,0,0,1
9.11818569539447,4.391306608048505,2,0,0,0,1
5.926960666428778,8.250353191428001,8,11,0,0,0
2.7517011248806797,3.979603463807572,16,9,0,1,0
4.7786735491313586,3.552839742369226,12,2,0,0,1
3.430517325196506,6.669359852039066,15,7,0,0,0
7.157359264107953,9.72793701656444,15,19,0,0,1
7.36826455751504,5.010402369846034,5,21,1,1,0
4.461492564571695,6.716602309978987,5,7,0,1,0
7.600349018031739,0.4876631881314042,13,20,0,0,0
5.82533777440736,6.837882008898745,9,15,0,0,0
1.8944343316740275,4.011479694917975,6,19,0,0,0
5.254451263621796,1.0949097255446216,13,15,1,0,0
9.665589185551433,4.407390410842636,16,23,0,0,0
6.869414350035104,8.931137413224725,9,22,0,0,1
3.0581351128366396,7.59238979656995,0,13,0,0,0
3.2857063273229423,6.022563023772572,5,21,0,0,0
8.344582528560966,0.5621390545987848,4,17,0,1,0
6.404472739932529,3.141620638369721,0,19,0,1,0
1.6650354704951509,7.122202051771587,10,8,0,0,0
9.14834949996878,2.1171437214797084,9,12,0,0,0
2.081060345963728,7.537201765621297,18,15,0,0,0
5.9368461990873325,7.5482745836233125,18,1,1,1,1
9.840894639665143,2.922489567393879,6,12,1,0,0
2.5232274426374524,9.15289940379274,6,6,1,0,0
6.565627023996523,9.069855184382437,6,15,0,0,1
9.457151084410246,6.76820043630047,0,20,0,0,1
3.3568240064284174,5.745821975518796,15,21,0,0,0
1.3032043317233588,6.434289495173307,19,18,1,0,0
9.23731395876776,8.214712527761908,17,3,0,0,1
6.771242634825639,6.826711524627593,6,1,0,0,1
4.309837288482031,5.105202612988446,18,20,1,1,0
1.8342364349795603,0.06840748148363551,13,4,1,1,0
1.3180682989667936,8.870427444469618,1,6,0,0,0
8.171070991667612,4.483464705246336,6,4,0,0,1
7.621296204503246,9.361765641665052,9,4,1,1,1
7.374314414271222,2.528374006902893,3,9,1,0,0
7.210546608978719,2.5715235110909584,9,17,0,0,0
4.577438171662134,0.9555910395833522,6,17,0,0,0
8.685528307858377,1.7396088769622553,5,18,0,1,0
8.196770027804591,9.993503004722001,5,19,0,0,1
9.654486346006212,9.15814348190744,11,0,0,0,1
9.774381842040123,9.643532340359865,0,4,0,0,1
7.817289890047594,2.0375548584994374,8,11,0,1,0
5.145617903482984,7.089642671237774,6,13,1,0,0
0.18531233594333285,1.4362137806881625,11,8,0,0,0
2.437082119043427,3.058948132615199,4,1,0,0,0
1.7396370590333865,3.6121605897581177,4,23,0,0,0
5.347994662811924,9.962244930446387,5,21,0,0,0
8.136088133673558,7.149528235517772,10,9,0,0,1
6.267705194172218,0.288011805465187,11,20,1,0,0
3.452645520570531,1.727567562462099,7,17,1,1,0
8.515814000172373,8.637896229650032,4,18,0,0,1
0.08619002591780278,0.19972932578028124,18,18,0,0,0
7.46419830009849,1.4551730038742494,4,6,0,0,0
3.829030140372458,1.7788405873449964,7,22,0,0,0
5.782183812232895,5.976324398689004,14,4,1,0,1
0.5290743327066438,7.011442199666535,15,22,0,0,0
4.858856061896132,5.658517874106719,16,15,1,1,0
7.186992659727959,5.862354987807617,7,9,0,0,0
8.317246313050896,4.631994363089205,6,5,1,0,1
1.293806169667009,3.7582121900794094,17,18,1,0,0
7.779849715709368,2.2047048099936983,14,9,0,1,0
7.104218150124117,4.189236247929187,5,1,0,0,1
3.587557620212738,6.311170278922348,18,5,0,1,0
9.622129101159446,9.644882250238542,3,19,0,0,1
1.0045754968096843,5.091579655626026,4,17,0,1,0
5.333083624587408,9.959936491006996,13,2,1,0,1
4.111272782593792,2.343250656505268,10,14,0,0,0
3.3850687942547286,0.07091812774370987,5,18,1,0,0
6.501132234192136,7.420224518797602,15,2,0,0,1
3.6872515547084594,7.697314182968801,0,17,0,1,0
5.2023196050402545,0.3711331996230227,12,5,0,0,1
2.1560976524304474,8.13710270757308,1,19,0,0,0
2.8915033445415093,9.522600783623238,2,4,0,0,0
2.735420290019369,3.9965800208575364,18,0,1,0,0
2.577784882039913,7.013635603104414,2,22,0,0,0
9.533163722009606,9.031906907227857,19,4,0,0,1
1.2558210271016068,7.655433696892027,5,17,0,0,0
1.7238636210516622,8.72394563354815,11,0,0,0,0
5.183654633353206,0.72898451871655,6,2,0,0,1
6.223029790740262,9.344202168425138,4,2,0,0,1
5.208821784475111,6.692657958436578,15,7,0,0,0
0.006275166284561706,9.630941308978025,15,12,1,0,0
0.15920267262798604,6.161829652125973,17,17,0,0,0
2.3568253457588497,7.136602831121538,17,4,0,1,0
1.2711049086702397,4.27541855359712,17,4,0,1,0
5.061398526946443,8.146250560259173,16,14,0,0,0
5.292674481435902,5.843959215894574,6,13,0,0,0
0.5543298894123383,5.541876510047912,8,13,0,0,0
9.177726524944395,9.083472102430095,4,16,0,0,1
2.388451604036069,9.492811717559837,15,9,0,0,0
0.35159250271194153,3.2314521727941727,15,16,0,0,0
6.723618579321943,3.2876012755444997,15,16,0,0,0
2.7594882815718758,7.310103491394831,8,23,0,0,0
4.8927926105160315,2.8608992203126062,0,2,1,1,1
0.5227910326875962,8.525426448755004,13,14,0,0,0
1.8898565997117511,2.8179735039649243,16,23,0,0,0
1.2369085061376073,5.832761971390966,19,15,0,0,0
6.589018065748572,9.891253191087333,19,8,0,0,1
1.100737601810572,3.833878636319985,10,20,1,0,0
7.2753642723014265,1.1515578740287036,14,3,0,0,1
8.80154732910259,1.9499673752101976,11,14,0,0,0
6.9938474098736725,1.1201171306820568,18,3,0,0,1
8.759330221862049,7.831600290279028,17,7,0,0,1
9.461868939912613,5.797714417624796,11,8,0,0,0
1.8734679132678889,0.3247077169174828,9,23,0,0,0
4.934799980728776,9.231739886192647,17,21,0,1,0
4.500641704157582,2.047194539499989,2,13,0,0,0
4.599816696781009,2.793394852765595,16,0,1,0,1
0.10010410559136429,8.824091864437886,11,21,0,0,0
5.077521518626643,4.991086581076065,13,22,0,0,0
3.6009963078211324,0.8982212942560475,17,13,0,0,0
7.827456742513867,9.374811723991046,10,5,0,0,1
8.421937308731145,2.0930607583420855,7,17,0,0,0
5.217118013669183,2.6266973533048454,19,1,1,0,1
3.155534744431109,7.889451239349268,7,17,0,0,0
2.435283388995363,9.31659249759019,0,7,1,0,0
5.657420260709014,0.1531058662690543,4,6,0,0,0
3.6672190859379903,1.0580502485651422,13,6,0,1,0
7.806820746878623,3.9023854958399506,6,9,0,0,0
1.7449848639795518,3.7870335558115933,19,11,0,0,0
8.668214856884891,8.939730574625047,6,7,0,0,1
7.569268451270138,6.067162019700039,15,8,0,0,1
0.8613577154903629,4.638098246743763,14,13,0,0,0
5.498769211562104,6.195825928270868,14,3,1,1,1
8.515371718979257,1.5661281489264989,8,18,0,1,0
9.814214249220253,0.9737672910800421,7,11,1,1,0
9.283725519807918,0.6562608817781757,0,1,1,1,1
2.5566622333181446,3.6456642751986443,14,7,1,0,0
5.626554229027424,7.621875111940821,10,12,0,0,0
1.024963291892128,5.354649496569541,9,4,0,0,0
9.644321795679808,7.178705805519286,19,2,0,0,1
7.021567651969038,3.717269846164606,10,22,0,0,0
7.779094067485368,3.823633310616279,4,2,0,0,1
8.087994445011507,3.6176831192256587,14,14,0,0,0
3.4218640575865744,1.9446351918231375,12,8,0,0,0
6.850060866631788,7.0775320760539815,12,9,0,0,1
4.423354580502155,6.686708848978929,8,13,0,0,0
0.3756622954398059,7.171814470467577,3,16,0,0,0
1.2570590651211566,4.144340469683314,3,6,1,0,0
6.452376445533316,6.509717452185445,10,2,1,0,1
2.736663849214577,9.80005463196817,0,6,0,1,0
5.182057321825209,0.3752865753180312,6,6,1,1,0
9.550229196116685,9.196349080280742,12,7,0,0,1
9.060190710443631,5.415969227984869,17,23,0,0,0
5.037194345899563,8.30202884345762,11,7,0,0,0
6.774633542399734,5.257703366832255,12,15,1,1,0
1.062457084695605,1.7367163695433985,10,10,0,0,0
7.328774528838984,5.083554875645922,12,6,0,0,0
0.8814224339079213,4.13665523583207,0,21,0,1,0
5.614383779331243,8.490437591785968,7,15,0,1,0
5.487798592630116,7.96285682942801,17,16,1,0,0
5.227094540676011,0.23591967780795864,5,18,0,1,0
2.052200872940718,1.8951904323737678,14,11,0,0,0
7.749284723059549,7.352512163067935,14,11,0,1,1
1.373033751416044,3.3634572671558196,4,10,1,0,0
7.214491571095721,9.41278928906798,11,19,0,0,1
5.527038900455401,1.147419583381919,15,19,0,0,0
7.228392039002123,0.3248659669016496,6,7,0,1,0
4.842131393476416,0.6360143637779736,11,21,1,1,0
0.32856697740396346,4.991698332626617,6,16,0,0,0
6.852014537698661,9.818971400352456,11,5,1,1,1
8.114659391516817,0.5535981693840952,11,2,0,0,1
7.663512805573902,6.579499112045923,9,16,0,0,1
7.139579478647715,9.246586095822467,4,8,0,0,1
1.268728280630933,5.92493479176405,17,11,0,0,0
1.948404916553641,4.913304319121309,17,14,0,0,0
2.7695461812460986,0.6579821779523898,6,16,0,0,0
4.4370144702966785,8.913139356064557,6,3,0,0,1
0.800634025289656,4.744531798445233,10,6,0,0,0
7.714733448596064,9.15138820404896,18,3,0,0,1
8.741091180258305,0.30457808070496806,10,15,0,0,0
7.472361380395503,2.0941767082185425,10,12,0,0,0
9.597837864377148,6.761573334534453,4,1,1,0,1
0.8001826975767934,3.5946462185394354,4,18,0,1,0
3.2610605663879344,2.2043788489261393,6,23,1,0,1
4.599419512939628,6.069731162742654,5,10,1,1,0
9.792632914045162,6.963624325330305,0,6,0,0,1
3.341046520865633,5.218308753051893,19,10,0,0,0
7.130142918617408,3.662863862065222,13,8,0,1,0
5.936485851073608,6.078628240809804,1,20,0,0,0
8.187468103841915,1.166891199358998,4,3,0,0,1
0.05864727887161303,0.7850986845360985,3,6,0,1,0
9.200381641090527,2.706836043017311,7,13,0,1,0
9.125993455913905,8.737946904198807,9,0,0,0,1
0.4914839034517704,1.9106213934635818,13,12,0,0,0
7.489990174049569,2.7231539718108277,13,16,0,0,0
5.8158883784975535,5.334802087447828,19,10,0,0,0
1.1674790276879554,1.2906512482906296,5,1,1,0,0
8.695411688592182,7.6409558657887935,12,22,0,0,1
7.284939338474402,1.996697380406467,14,17,0,0,0
5.245005742189765,6.518680936476059,2,15,0,0,0
2.8584144866340946,0.7111070821343679,11,3,0,0,0
8.177884305894194,5.49326365186015,12,10,0,0,0
4.564134397124243,6.09689061249568,8,23,0,0,0
7.941345617322724,4.945970527637588,2,14,0,0,0
8.985969105689701,8.96256716471579,14,12,1,0,1
8.649949762077764,3.2061990655022674,1,14,0,0,0
3.20567586016499,1.349784860716421,10,6,0,0,0
3.467187612359112,7.46452128857114,3,18,0,0,0
7.926925728493779,2.7914413322230445,13,17,1,0,0
8.587449685295802,6.3378328474728765,1,22,0,0,1
7.52345702531956,0.17645160178605845,4,16,0,0,0
3.517098179588083,5.434844285830145,19,9,0,0,0
6.770378148820102,8.032121232440932,9,11,0,0,1
6.100433454577515,3.8248446058259433,16,23,0,0,0
2.2720767783200446,4.064062868009954,13,19,1,1,0
2.445404429842993,2.2732207107002744,12,20,0,0,0
2.182731987814938,1.3045140994361804,6,21,0,0,0
2.307345902070538,2.9119645499662417,0,14,1,1,0
4.2766908582416905,5.96063931100595,7,21,0,1,0
4.596327543564602,2.236025483236711,9,14,0,0,0
7.0879926490615395,1.778797954606286,1,3,0,0,1
5.701872157998045,8.618438232948298,9,8,1,0,0
9.928321316819753,4.078942367801904,8,14,0,0,0
0.8645750712015232,0.014283430791767193,8,22,0,1,0
2.8684664564719995,2.8045506476005535,18,8,0,0,0
7.928400452735271,9.05756790636448,13,1,0,0,1
3.2825508927733704,1.1284054451688441,3,7,0,0,0
8.06778142506314,1.5691727203722716,4,15,0,1,0
1.3828317340474772,4.261223709724855,0,9,0,0,0
8.747470734889747,9.38719301977863,13,19,1,0,1
3.035039091479522,3.984787621092144,0,9,0,0,0
3.1284462800566812,0.9804453811093983,16,22,0,0,0
3.652279262568819,5.354133355114677,16,9,0,0,0
5.648414367174266,1.7965696583684598,5,20,0,0,0
8.07536255397993,5.08683950684079,0,19,0,1,0
7.097850502239726,4.822252303373266,9,2,1,0,1
2.152690457858343,8.111045663053181,1,21,0,0,0
4.050010985875484,9.315444071065201,12,0,0,0,1
9.041136604795051,1.5652921341574122,14,9,0,0,0
9.680221720457387,9.147493287276603,17,10,0,0,1
3.30991947603403,8.374508948347339,3,8,0,0,0
2.2675861740051593,9.31490386918926,16,3,0,0,0
3.2700676849610213,6.279587353429078,7,5,0,0,0
9.09005588835703,9.577666581762225,9,23,0,0,1
3.1495206191875944,3.0639879836195782,8,12,1,0,0
7.328383372724155,3.3630809441374976,1,12,1,0,0
1.8063669794131532,4.856307340321255,4,1,0,0,0
5.356600617281121,8.544550831854034,14,22,1,0,1
8.419835280582262,4.828547649829468,10,12,0,1,0
8.348994283643915,7.558863795678164,16,17,1,0,1
8.015394607190755,5.293906213475335,18,9,1,0,0
2.6251029048316568,0.5234717843131309,16,2,0,0,0
4.830662451933026,4.160706704086862,4,8,0,1,0
2.9186717703639973,1.7275731828108731,7,20,0,0,0
4.119465486122636,9.344107945712148,15,5,0,1,1
5.4942861228851605,6.56179036222687,3,3,0,0,1
6.540775529557475,5.115906106465492,18,5,0,0,1
3.1725917435686757,7.663040711189001,9,12,0,0,0
8.67152151001122,6.73008166288677,19,8,0,0,1
1.3650301208358218,2.2867075138460335,14,23,0,0,0
4.467721588396069,0.07096532494887176,11,10,1,0,0
2.9281286673716878,3.7509940531834998,16,20,0,0,0
6.421102350255211,2.981503562765556,13,11,1,1,0
4.708164193658981,1.9892977979503834,13,14,0,0,0
2.9251502034103103,1.6747049055004248,19,21,0,0,0
5.08691940729376,7.211227561147663,13,1,0,0,1
4.294478970787026,4.707059473159374,15,4,0,1,1
3.487612473960884,6.9387653532161595,13,14,1,0,0
9.115768872630525,3.4562016890078953,14,17,0,0,0
8.312458050899425,7.667683563383357,14,10,0,0,1
6.758926228302107,2.4872539379062464,8,11,1,0,0
7.091271914859374,0.21057783556320042,15,1,0,0,1
8.941821586165712,2.281659137509058,3,18,1,1,0
7.004548654243578,4.018134586016951,14,8,0,1,0
0.029117178337887406,0.09419855972445323,8,0,0,0,0
4.542144197652474,8.634300145217672,17,8,1,0,0
2.6602137672880177,5.908158748955077,10,19,0,0,0
7.295214219764384,0.20341081882177647,0,2,0,0,1
5.272551499506771,9.29870482293879,8,4,0,0,1
4.551242310327694,5.559120170743204,15,0,0,0,1
7.785158800616635,1.310146186504656,14,15,0,0,0
1.829229259620847,3.650475666926015,3,9,1,0,0
0.5827530156057448,9.211627366945491,0,0,0,0,0
2.5781087402333758,4.06822647398465,12,22,0,0,0
5.901274059265421,5.241546676947559,14,23,0,1,0
9.232237469852286,6.892793212258371,16,8,0,0,1
8.355717050906486,0.4366092871300853,5,4,0,1,1
2.013991027938874,9.59024175972966,9,11,0,0,0
0.2819134044722216,2.4474507963692727,15,6,1,0,0
9.182850353799578,4.080404616028166,14,4,0,0,1
8.043744141377006,0.6582984336315378,9,11,0,0,0
1.2248141685029723,5.340361132046566,18,12,0,0,0
0.6979948489474974,4.7870172056933225,17,15,1,0,0
6.713044235642798,1.621833724078774,9,7,1,0,0
7.362539479604622,7.74251147700671,2,6,0,0,1
0.46402886015125655,6.239595094320142,14,19,0,0,0
0.7714437408606101,3.061959204820812,18,12,0,1,0
8.204690163608534,5.84319731762709,18,21,0,0,0
2.877184344900293,7.370635176441752,5,19,0,0,0
4.3850801669897,6.110234115419245,5,22,0,0,0
8.178506634148325,3.462660415347485,18,12,0,1,0
7.70437802792337,2.10528488440613,9,13,0,1,0
7.8008402373496475,7.712248152904037,9,12,0,0,1
3.799242909620145,5.019355807808607,7,1,0,0,0
7.575483931333713,8.097704038972623,2,21,0,0,1
4.655056665274797,2.650891687520361,18,18,0,0,0
0.8273830348707156,9.150833333580747,18,9,0,0,0
7.603116511044239,4.203333094318426,6,6,0,0,0
0.712583326482279,8.542580615539395,8,15,0,0,0
9.377046153793676,9.122545611011557,14,16,0,0,1
9.679697967699555,2.551822287742307,8,12,0,0,0
4.23358027350786,0.09310290762353679,6,23,0,0,0
6.95881574368485,1.6457814471350285,14,2,1,0,1
1.1975996643219722,5.3193297755279145,4,15,0,0,0
1.6290265447739405,8.124136576239005,0,14,1,1,0
3.2066275473643224,5.523380134555028,3,10,1,1,0
4.44479977977791,2.562923753692176,5,20,1,0,0
8.058911691968543,0.7924960612992882,14,21,0,0,0
8.95644153063835,1.261530962878168,1,14,0,0,0
8.750086997439702,3.0145618641066796,12,9,0,0,0
0.5045557062012374,1.0456286475434151,0,5,0,0,0
9.276745414995192,9.498292054863658,0,16,0,1,1
1.0613001930901944,4.927813458649557,9,5,1,0,0
3.641210568415054,6.393864214540979,16,10,0,0,0
6.6996992409665665,0.7198081846332172,17,16,1,0,0
4.023935648144301,1.514576224004145,9,3,0,0,1
0.05398542183677413,6.685049011509828,15,22,0,0,0
8.676416147202234,2.3256807425682857,14,23,0,0,0
6.615910659592654,2.3633659026875122,11,9,0,0,0
1.88385009334873,0.5624669431517249,13,8,1,0,0
2.685000761974954,6.542357799453179,10,3,1,0,0
3.498033545115794,4.248285331769005,10,21,0,0,0
6.755323686200567,7.773325140821933,4,21,0,0,1
5.444613321491686,1.6844055113191525,3,15,0,0,0
7.0599040296199345,2.341990597880902,0,21,0,0,0
4.801349396383731,3.7320736910512684,8,1,0,0,1
6.940723335309844,5.191630395745404,7,15,0,0,0
0.7869767519539905,5.273108956423933,19,16,0,0,0
4.309830628472584,1.7478671504515797,17,18,1,0,0
3.254182806826078,0.9473891477934415,15,17,0,0,0
6.49863921702575,0.24697297686111286,13,6,0,0,0
8.12612639088172,1.2857957851166912,5,10,0,0,0
6.906153123866363,5.724077259677651,4,16,0,0,0
9.706680277938705,1.7571524583682585,16,2,0,0,1
2.541472801278144,8.25134875661419,19,12,0,0,0
0.8591038820282049,7.141191409249159,7,16,0,0,0
1.484831830052844,5.5430070584795255,14,20,0,0,0
8.878729318513303,7.029917261468195,0,14,0,0,1
8.42949993139107,5.20456092139383,18,11,0,0,0
4.507060582503857,7.536101314779872,0,3,0,0,1
7.606065813900617,1.682110924335416,4,20,0,0,0
4.5864989808107595,6.769767523110285,10,8,1,1,0
4.047058743291702,2.2520710021620163,18,2,1,0,1
9.138145226249442,3.6829546765570953,15,16,0,1,0
6.507883208469019,6.141688503188927,0,11,0,0,1
0.20045999532564696,5.825689092148112,0,15,0,0,0
5.441831489768018,0.0800814067378286,17,9,0,0,0
4.963227712843788,4.036466944934778,0,18,1,0,0
5.992775178235918,8.07477935651909,12,23,0,0,0
2.127269661302731,6.035857876582056,0,17,1,0,0
4.048598896181444,5.063505532808124,4,7,0,0,0
2.2523990233524627,6.81460115425272,6,1,0,0,0
1.8593364087438458,2.2436917569848602,12,0,0,0,0
4.883096428258451,3.377191445622171,9,22,0,0,0
3.2460879809694463,7.211592682138772,9,2,0,0,0
7.893793256035771,7.233946888549284,17,13,0,0,1
2.7224054250604466,3.841607579534625,14,6,0,0,0
7.890406042020471,3.5097562392609136,9,20,1,0,0
0.6121665814357202,5.909160928272268,9,0,0,1,0
7.795316818239329,2.525860066847242,19,16,0,1,0
6.619698394506342,4.648547808132707,4,23,0,0,0
2.3304462826687242,5.7362785794290785,13,12,0,0,0
2.9267144575942416,3.9258775036111127,10,0,1,0,0
7.331530231065853,0.9405982022858872,19,5,0,0,1
2.98039332094451,4.120965687081146,3,9,0,0,0
6.3044811565799,7.342720305307155,18,15,0,0,1
7.056593338739465,4.892299002046129,12,8,0,0,0
0.7417619559431221,1.9201625096794883,4,0,0,1,0
8.869421108828673,8.104365856156253,7,17,0,1,1
3.045753662885684,1.7603968215497068,17,4,0,1,0
8.406326448191253,8.476403295092553,15,17,1,0,1
3.1318205070363514,1.7884106850779935,5,13,0,0,0
0.5059685367658173,9.262799618484072,12,15,1,0,0
7.295169285731221,3.4728766615267457,17,8,0,0,0
9.011776232173556,7.506690142816549,3,17,0,0,1
9.835972997387742,6.67351163050396,6,13,0,0,1
5.570068063131286,8.939726684244292,12,22,0,0,0
1.6471774694298091,6.891433569803377,3,4,0,0,0
0.20052709784008527,8.904695739838898,10,23,1,0,1
1.8985266027096914,1.101721202536331,8,16,0,0,0
8.418253643652626,2.9901267960934605,8,23,0,0,0
6.928011986299087,8.709675998625425,14,20,0,0,1
8.828364906780791,5.278121082956208,3,14,0,0,0
0.7356335421576565,0.5343460239101716,2,4,0,0,0
4.824236015947289,0.9365745260747449,6,14,0,0,0
7.189907568532331,5.695212786820326,18,5,1,0,1
6.781225015366465,4.144298124670366,15,0,0,0,1
0.9998524748377668,0.3354587141215781,13,0,0,0,0
5.541812554487988,7.620327210390511,18,18,0,0,0
3.667520764259401,2.3707039117417805,9,12,0,1,0
9.223077754835847,4.2589315503668175,12,5,0,0,1
0.05348988694222845,7.482388061809001,1,0,0,0,0
7.0753543774544365,4.62687831687827,7,10,0,1,0
8.101400907454613,0.8757456298623822,5,8,0,0,0
6.652728362369108,0.7869857670750946,15,18,0,0,0
9.89736597712271,3.773876249747763,1,23,0,0,0
9.214193348763276,1.2862406043919206,11,1,0,0,1
2.472060737388768,7.483752494281825,17,5,1,0,0
0.8094970202235607,5.771716266239962,10,14,0,0,0
5.27834037561274,7.8793093843776685,18,16,0,0,0
7.087656323456546,2.4894352479687276,15,21,1,0,0
3.410478728306235,8.033045735180336,2,9,0,1,0
0.30824618699370254,8.792043375853826,14,5,1,0,0
8.52430417569119,5.00297874393992,0,18,0,0,0
4.288874313502106,6.522640059437702,19,0,0,0,1
1.645253723928124,2.335804342223592,0,5,0,0,0
6.7054050650609085,3.1835202213601086,4,8,0,0,0
2.5695229950846987,0.2090951233523497,6,17,0,0,0
4.5950226657031745,3.625097313221236,1,0,1,1,1
6.310341757120489,9.532371787812329,1,10,0,0,1
8.547406185919787,9.29583094597569,10,20,0,0,1
2.0046904776635897,4.134657667101601,3,15,0,0,0
4.55660821553092,6.056992404598756,16,14,0,0,0
4.395077804475518,0.6724063405203662,1,2,0,0,1
8.664274028987561,0.33323199439508455,12,18,0,0,0
2.500824689139418,8.365523911696137,18,8,0,0,0
4.078826101969831,6.614478166131011,10,15,0,0,0
0.14515094527608796,5.748390378598749,5,15,0,0,0
3.458285703095939,3.5784115864153323,6,17,0,0,0
9.401798347292413,8.920743510936207,1,6,1,0,1
3.8705001193488697,6.472222833978555,19,15,0,0,0
5.125839031325104,5.641947917987453,12,16,1,0,0
9.44967063640076,4.818034425389413,15,10,1,0,0
4.415340103788969,4.906135758981991,6,2,0,0,1
4.154390162596608,4.079626022057265,0,14,0,0,0
4.786448705505249,0.4466121637889875,15,12,0,0,0
8.056753790427042,6.69183652199143,10,14,0,0,1
6.090289447069158,7.689801952286295,12,0,0,0,1
4.3624444836431735,9.719508452598056,19,0,0,0,1
8.533464976087238,8.634914504628183,14,2,0,0,1
7.692505592415867,5.967229901062171,14,3,0,0,1
5.852608755098466,3.5933899051578724,15,12,0,0,0
9.012592077965634,1.6392026204694488,16,21,1,1,0
7.288705094885958,9.31912732597456,1,11,1,0,1
6.93297468551492,7.847234151793582,5,14,0,0,1
1.5031062248396876,0.38591561938133845,6,6,0,0,0
4.684612370870865,5.983060756960188,4,6,0,0,0
8.951000290662442,9.826524114935692,18,18,0,0,1
9.148578059207596,3.5201658250187826,8,10,0,0,0
8.04725983741431,6.154909596667192,2,14,0,0,1
4.828100933283704,3.2307106840575117,2,19,0,0,0
6.8686649373490996,9.132997116000338,10,8,0,0,1
6.2739655531584635,2.595504332730826,17,1,0,0,1
3.4534397792633023,9.91056508739087,19,9,0,0,0
6.740073564627112,0.5648342400348205,13,23,0,0,0
5.221264934321769,4.015417380052825,7,2,0,0,1
7.22943424389447,2.0619707925520228,2,9,0,0,0
2.30084491857475,4.0608213255977095,4,8,0,0,0
8.060967479607475,3.5347747512837877,17,6,0,0,0
0.9896862340870682,2.7138139507958456,14,20,1,0,0
9.797343347738597,2.682760204535567,17,6,1,0,0
1.0075284395957629,7.075228189780428,2,0,0,0,0
1.27311878746725,1.7567229796858452,11,21,0,0,0
3.3631272750495556,2.3448400678316994,6,18,0,0,0
1.6975849820713584,9.656531747664124,8,14,0,0,0
4.491234139302508,5.70664578980789,1,15,0,0,0
6.8587627508646465,8.332712820358479,1,1,0,0,1
4.860575419026809,3.1378214330572876,16,9,0,0,0
6.830695751901241,6.607273931091515,0,8,0,1,1
8.842451739289542,8.626751629457258,15,15,0,0,1
3.2018621940405536,9.1344469847559,9,10,0,0,0
2.475645081417847,8.073456212003686,11,0,0,0,0
9.106430158345454,9.623007491122399,3,3,0,0,1
1.2544178445052,7.86483034295906,9,13,0,0,0
7.40303059899084,3.1276072742181595,18,18,0,0,0
9.893406378396238,6.791583457435568,6,17,0,0,1
2.6230493138443958,8.388878991257744,3,12,0,0,0
5.611511466719561,4.752970738232557,19,1,0,0,1
6.157260534451727,6.909513662679558,9,3,1,0,1
0.36207261487384956,5.511413361947338,4,18,0,0,0
7.812569537828522,3.659194354135754,18,23,0,0,0
1.0559839602614096,7.065498022828269,2,15,0,0,0
6.7789491849608785,5.720546391813814,18,10,0,0,0
9.37741654934822,0.9125165911904809,18,8,0,1,0
8.160335023020684,8.025607481516278,7,0,0,0,1
9.823905545175666,1.9803094663109366,10,5,0,0,1
2.947148468564688,0.018120338692516613,9,22,0,0,0
2.0471394759510133,3.3481834471345104,9,6,0,0,0
3.350085699576958,2.072825225497356,16,17,0,0,0
2.895827046707271,5.771997464225614,10,12,0,0,0
9.369492539086954,3.7725198571569543,4,0,0,0,1
0.5853660008005013,3.0541349854275133,9,0,1,1,0
0.15838070944874216,5.578101257354344,16,15,0,0,0
3.133676944572782,2.951088601842853,9,18,1,0,0
0.9761876053514895,8.977958063920259,0,1,0,0,0
5.893316449477281,5.251408517696296,14,14,0,0,0
7.027382992895869,7.927034057807514,3,20,0,0,1
6.773418460815163,0.2442688294063322,12,17,0,0,0
2.161358123109207,5.9087192297425855,2,2,0,1,0
2.0423862056986444,2.4720511893063324,15,17,0,1,0
7.935374022288309,0.8559955282276832,11,7,0,0,0
6.5711883906127335,3.6509392023180585,15,9,1,0,0
4.947542404357036,1.3376069507700217,8,13,0,0,0
4.224457900308791,3.9808717823623088,0,23,0,0,0
8.735555762270888,3.293780670342177,17,6,0,0,0
0.7451046181864007,5.103927213487066,9,9,0,0,0
1.8936087579186278,7.7132314321685005,11,23,1,1,1
0.28337450383384644,8.285302595815086,6,21,0,0,0
2.148546064249981,0.4033016105151299,11,21,0,1,0
4.184494971754581,5.085388914977079,9,15,1,0,0
9.457846462409558,9.29858500500561,2,17,1,0,1
0.5922330539660747,1.0539693482914003,7,11,0,0,0
8.253084024229825,1.2594064104750058,11,20,0,1,0
7.443682043039907,6.194450738181533,13,14,0,0,1
9.409657878427938,4.863721008251476,17,3,0,0,1
5.544891143211707,1.797978134950754,0,15,0,0,0
8.71985096244957,0.9805784856245758,13,11,1,0,0
5.484009367419117,1.9731397057605993,5,9,0,1,0
5.278073635588299,9.99707637821831,15,5,0,0,1
7.039134261281078,6.508026901433796,8,20,0,0,1
0.6285748747238096,4.760587695019969,14,21,0,0,0
1.7076028345038563,2.2683710232549514,2,1,0,0,0
1.7067743530223367,6.629062523445658,11,12,1,0,0
9.755273290209018,3.332417405507276,11,21,0,0,0
9.695568752231853,7.462543451462883,18,5,0,0,1
3.578132797026096,2.7545791013817023,15,5,1,0,0
8.499875931690104,8.4628733648646,13,9,0,0,1
4.239305350296663,0.6647313020917156,11,6,0,0,0
9.971318941583661,7.724109996272842,19,18,1,0,1
7.6070480604389505,1.4986279888655163,4,10,0,0,0
4.190877536709659,7.833168902193614,7,14,0,1,0
1.3032394670232816,1.9908231282795774,10,15,0,0,0
4.199386853482382,1.9183611460101058,3,23,0,0,0
0.718145837639157,7.473158255728864,12,14,0,0,0
6.891090814868241,5.650722830366936,7,11,0,0,0
6.73516786817259,1.1501093682809782,18,17,0,1,0
7.389458465787275,1.978244288413229,0,23,0,0,0
9.01485851100749,2.7038323531065633,13,12,1,0,0
3.0884727478162,6.113570130983824,18,6,0,0,0
0.5574959847032801,0.5240568646119881,7,17,0,0,0
6.500924511399314,6.536564764056204,14,21,0,0,1
4.19513709337517,3.1650177926262035,11,8,0,0,0
2.3158299128899937,1.8121804361361726,19,8,0,1,0
9.38578239586033,1.8583205556534255,19,20,0,0,0
1.7014274017715791,3.1610488794089564,11,0,0,0,0
9.722297092163576,1.5336482741574564,5,15,0,0,0
9.682079277033663,9.229300781006065,18,21,0,0,1
0.48395881945765606,1.4851742425711745,17,9,0,0,0
4.52323477634296,4.243890180725104,4,12,0,0,0
6.976463827797249,5.298952965539412,7,15,1,0,0
5.570475861922342,7.873488484097071,9,2,0,0,1
9.558700432685196,7.341085812309026,0,3,0,0,1
6.591555446001344,3.980548406789377,5,23,1,0,1
3.881214567684971,0.9569011605800115,14,22,1,0,1
4.131944788027977,4.056193902554424,11,16,0,0,0
7.720317859723548,8.282127578865943,19,3,1,0,1
7.920445910489612,2.9274154858315993,9,23,0,0,0
9.526421308008613,4.439882143420303,3,8,0,0,0
0.6986192068466168,6.776111820995942,17,17,0,0,0
7.684210711172421,8.850153245472587,16,17,1,0,1
7.627990528758054,5.130772183680499,14,1,0,0,1
4.028900310500486,9.072431672770787,12,5,0,0,1
3.6680588514000565,4.027116496517003,14,8,0,0,0
8.23268653114772,8.793969933058843,14,22,0,0,1
8.77489241731488,4.181315997936227,0,9,0,1,0
9.503797514820931,9.583276864813868,14,13,0,0,1
5.823574550639659,9.860674802096018,17,10,0,0,0
4.3049358343151,4.672413444088371,9,6,0,0,0
2.891931519658697,8.089777496137087,2,12,1,0,0
6.0425951598692516,8.271581484276233,12,10,0,0,1
5.361922792822042,4.491482027322125,4,8,1,0,0
6.511769607436182,7.6796675780980515,11,11,0,0,1
5.371693216040288,2.0353552248180486,15,3,1,0,1
4.120936096325392,0.3561215027284148,19,18,1,1,0
7.0703116932288435,1.7748183499101178,17,2,1,1,1
5.124397687438842,5.459025592668075,2,9,0,0,0
5.939406209434052,1.4840169648621537,18,9,0,0,0
9.872144548311413,8.816745102868724,16,12,0,0,1
6.4852702682420285,3.094324709694832,6,3,0,0,1
7.907029037461138,0.11897832245155615,9,7,0,0,0
5.894708030932469,4.711725593781418,2,6,0,0,0
3.22978733363808,2.372543636571373,11,21,0,0,0
6.740584527536958,2.146379629044286,4,14,1,0,0
4.265919010543934,8.891193557274429,7,15,0,0,0
9.006660841086283,8.236592509839738,1,4,0,0,1
8.321911523075576,6.233903870270475,16,11,0,0,1
1.7608928794385392,7.4333291356565665,7,10,0,0,0
4.806701123050767,4.479954546688681,10,6,0,0,0
4.18758990482655,4.318436923120297,1,2,0,0,1
7.606613420236065,4.807234564689732,14,19,0,0,0
7.772955758390735,8.320947360831148,9,21,0,0,1
4.918759594608238,0.19610532474253595,19,21,0,0,0
0.26297726684668565,2.6102866529344926,8,0,0,0,0
4.904464599209755,0.3705199369349277,5,6,0,1,0
2.7856795320565944,7.71588864467814,9,8,1,0,0
6.588554042268422,5.664436850866266,7,20,0,0,0
1.135873173786749,3.415260754213638,15,20,0,0,0
3.2348776164314605,0.23146771915008357,19,19,0,0,0
4.92674330311003,3.3899397016157327,6,18,1,0,0
2.819993526849717,2.1879435157672256,8,23,0,0,0
6.0534362794423044,0.8708204959142862,13,12,0,0,0
0.8644575317339853,7.5942870495648656,6,11,0,0,0
9.928039781860145,1.271824536325109,7,23,0,0,0
6.502969740735076,3.2900572966223285,5,15,1,0,0
4.107004005865431,7.204160690923429,17,18,1,0,0
2.924418045895157,7.982729965463056,16,22,0,0,0
2.4192772811923655,8.762923485239375,3,3,0,1,0
9.92241914861122,6.5261340174735345,9,17,1,0,1
1.441678158180495,9.202723688024077,13,22,0,0,0
6.079577026836093,1.0476253645144007,6,18,0,0,0
6.1562439668312665,0.12756479707430546,13,13,1,0,0
6.373924979351349,7.16354482874087,11,22,0,0,1
5.601718955673585,1.5382592450741095,14,10,0,0,0
8.174124552691106,9.332250613191283,0,12,1,0,1
6.897015348618686,7.248708535798805,11,11,0,0,1
3.9548002803165683,1.746500654553681,11,3,0,0,0
0.5188207759399222,9.422337194911663,11,8,0,1,0
7.554372725155812,6.06719579782232,13,3,0,0,1
1.477463244379611,4.281233678183747,7,8,0,0,0
8.306896051980141,1.4410396303296602,11,7,0,0,0
8.621040734514802,8.391923428715383,15,15,0,0,1
5.924407553984594,8.474061349292366,10,22,0,0,0
1.0730121037067253,2.0604856021288995,17,1,0,0,0
3.892663968090483,3.1336940643035796,14,7,1,0,0
9.29260975197892,3.034532164496062,18,13,0,1,0
2.780487483333393,3.9856596160005395,1,19,0,0,0
0.2660256359656388,5.619813416263792,17,3,0,0,0
5.195018547649811,4.50536539067076,16,14,0,0,0
4.255633657183516,5.494895735118204,3,5,0,0,1
1.682308432036831,6.938453862722663,12,19,0,0,0
7.597213286809254,7.736473950553341,9,10,0,0,1
8.357215966478712,6.882332773356494,16,13,0,0,1
4.765679435800186,2.960655100389471,11,3,1,0,1
1.0792455496499387,9.31944139654372,4,7,0,0,0
4.360482979725878,6.300345775424382,16,16,0,0,0
4.981296741839803,5.79536369149981,5,8,1,0,0
0.5227637227220572,2.534571296730163,5,18,0,0,0
2.925404284815698,6.838933547776769,18,13,1,0,0
1.0126518098740966,8.725740192976446,1,19,0,0,0
1.250782268163254,0.4149930438571148,19,6,0,0,0
0.21738838063707355,5.205705442991734,17,8,0,0,0
6.34091945079839,9.846443693733663,7,12,0,0,1
4.561272089466333,0.30020225717336313,3,15,1,1,0
5.471276425689005,0.407850134355181,13,15,1,0,0
8.591303597512333,2.2835561417884764,13,20,0,1,0
8.118131069457785,7.418327137286597,15,20,0,0,1
2.7611863244345813,9.303666579015296,8,1,1,0,0
1.0688529548906056,6.60118902996174,6,4,0,0,0
7.2261172483444955,2.0450433869279583,5,14,0,0,0
4.4111616409833365,7.336218292879469,12,0,1,0,1
6.12158658943229,4.329730498397063,17,18,0,0,0
5.132199758278188,8.721060637465811,3,7,0,0,0
1.247361132216791,1.8836823206706976,15,2,0,0,0
4.328015612263175,4.93076709787574,17,0,0,0,1
0.4182162378646537,6.238889431629704,11,2,1,1,0
2.505815765941928,3.977289756227224,16,11,1,1,0
9.617624783454687,4.15786062069183,19,5,0,0,1
6.792470013242746,2.5227895957683644,0,22,0,0,0
4.81273951827605,6.17354250988067,9,15,0,1,0
1.7026913712859426,6.3293388047104475,7,17,0,0,0
5.441801159419536,5.434698699813632,11,1,0,0,1
1.6910390042065149,1.2613578629576516,9,3,0,0,0
5.569251023902066,1.082266467655486,13,4,0,0,1
8.20461290158315,8.539484630145436,10,2,0,0,1
2.709092232468712,8.55408162104288,10,3,0,0,0
2.3185961388284837,7.979431892533,7,4,0,0,0
4.078849268503589,1.1394526944454353,16,8,0,0,0
7.28470945558592,0.0005282693229680113,12,23,1,0,1
0.15643295307434135,9.338587957857394,5,3,0,0,0
1.530425971638213,5.055858311843976,9,19,1,0,0
8.752098044480256,5.1221101681028465,16,13,0,0,0
7.919065384222369,5.830186474441364,4,21,0,0,0
6.313774363954292,5.965160006986308,5,2,0,1,1
7.898857379518428,6.345349333661076,9,7,0,0,1
8.227364860434314,4.5140767043356895,10,23,0,1,0
2.5608842623842376,1.2034044024305202,2,11,0,1,0
0.5567281495397558,7.97517406695886,7,15,0,0,0
4.144809792543599,0.1480886113262514,2,20,0,0,0
9.14886150121504,4.891965179806156,13,13,0,0,0
4.018396856899208,7.169752735535483,14,7,0,0,0
7.574021983310274,3.56937297948135,7,18,0,0,0
4.346573180510842,3.3079499478104326,15,14,0,0,0
2.8013411877537973,1.4601690559210823,13,15,0,0,0
6.637044789262561,3.8110051361181405,4,6,1,1,0
5.411880558570243,0.23716360305790607,5,15,1,0,0
7.215117798434236,0.8812656950055775,9,4,1,0,1
8.202929606091773,4.041098477429571,3,3,0,1,1
5.736532029887571,4.448054950587817,4,17,1,0,0
0.8848689569901402,0.26383618005538345,0,15,0,0,0
0.6408458760406621,1.7950026049435064,1,7,0,0,0
2.687007357542682,3.4759981445865096,10,10,0,1,0
0.9993187705440965,8.050176932346279,16,23,1,0,1
2.0966092211170038,8.846749849533499,1,19,1,0,0
9.423009379012067,7.550682041316251,6,21,0,1,1
6.95677663215339,7.657842927157244,10,14,0,0,1
2.1126291693819645,6.3267703484136,5,4,0,0,0
6.938806887083223,8.842073518293187,8,3,0,0,1
6.042054798633042,8.79852048038716,15,10,0,0,1
8.764209436044927,2.016552112668922,8,7,1,0,0
7.350231981781706,1.886205190426311,6,7,1,0,0
0.5003583643475673,0.6939531494054207,17,23,0,0,0
5.813665572045749,7.807854833654764,7,9,1,0,0
0.7555449376276957,2.466884297439973,10,11,0,1,0
2.9797979466226954,0.11871346669359295,8,12,0,0,0
8.765981188350187,9.124850542303685,2,6,0,0,1
9.491124568882471,9.986173191643847,6,20,0,0,1
1.290367878104367,5.26519447733236,18,16,0,0,0
3.1212827687810596,0.12595038169426753,16,16,0,0,0
0.8686290798618279,7.017136340660953,19,5,0,0,0
0.7087170065487358,5.981824455420024,15,15,0,0,0
9.243543461938003,5.490832225687229,16,6,1,0,0
8.44209585776232,4.3239636018509,1,20,0,1,0
7.011411313835769,2.906429693065311,16,10,0,0,0
2.298260417925361,0.009058352460902253,15,19,0,0,0
0.6950877144858625,9.721666237406904,12,13,0,1,0
3.2319406532433614,3.186972572853973,3,17,1,0,0
1.8892981376495233,8.59434582833551,9,15,0,1,0
9.901757936307183,0.7585155728235493,3,16,0,0,0
2.5868177380142843,7.155628273322324,12,3,1,0,0
3.1684494365033,7.250931239865422,15,22,1,0,1
5.938737676678615,6.455114854786993,6,5,1,0,1
6.887675159591515,6.709954611303159,9,12,0,0,1
6.2375338436923276,0.056313127480537295,6,21,0,0,0
5.013509936337459,0.43397178578560847,4,3,0,0,1
5.838898233720484,2.0977541377910813,10,4,1,0,1
0.950464586616856,9.505344745281667,13,4,1,0,0
1.7944523758085307,0.25420685179524893,0,5,0,0,0
5.323102633799106,0.7587164122404755,16,10,0,0,0
6.423089557910182,2.7608608848926233,19,9,0,0,0
8.322379415612284,2.8461026456017713,12,6,1,0,0
3.5748310349188284,7.29426093982715,19,4,0,0,0
0.20932029492073512,6.041156249809495,13,15,0,0,0
0.692301257456317,2.1038655449412405,6,2,0,0,0
0.44092216397532136,3.9398750771305515,9,17,1,0,0
9.46264493003082,7.333615147320936,1,0,0,0,1
5.047543235655417,6.970911382607586,14,19,1,0,0
5.340277303847177,3.791608639799434,11,11,0,0,0
4.961759261011153,8.2472316407692,17,3,1,0,1
0.5133437132367757,3.8015014195766996,9,0,0,0,0
1.5664737836363352,9.529103135635097,15,9,0,0,0
1.534175794108874,4.211358562424995,3,20,0,0,0
4.459473053205738,2.246607001050714,17,9,0,0,0
9.147518314254027,0.6440511601504317,9,13,0,0,0
5.199981240369218,7.879409206729001,1,8,0,0,0
8.138291315928432,4.9350918266059995,6,14,0,0,0
4.042200438932162,4.494827621010798,0,23,1,0,1
1.6517299951844777,9.214336290244534,14,5,0,1,0
3.864433509308174,3.302941754681341,13,4,0,0,0
3.8547043469973543,1.582407418152627,4,3,0,0,0
2.8618087079790735,1.989168137372247,2,12,1,0,0
0.21626992461793781,4.83593048104329,16,7,0,0,0
3.7638753773447533,6.72262939932566,2,22,0,0,0
5.319556987831766,5.112980243704886,11,20,0,0,0
9.217892331085261,3.733785595368401,6,20,0,0,0
4.003555942699585,8.703959082257018,2,20,0,0,0
0.5627498811124076,4.119939894921726,0,13,0,0,0
5.150843761717851,6.857072292860758,3,18,0,1,0
4.764893973538262,3.25707335086999,12,6,0,0,0
0.20643439545793285,9.623501334382778,17,19,0,0,0
8.355707099645604,9.672132068082684,13,0,0,0,1
4.269053206363036,5.5201817229565115,7,13,0,0,0
8.090345502403416,7.807327300286698,19,0,0,0,1
1.7260911290227454,0.0263215557958818,16,13,1,0,0
1.8804109258878576,8.596655476664752,5,13,0,0,0
4.988510237442743,2.1508522878509284,3,17,0,0,0
7.700890312540819,4.623284974592826,17,11,0,0,0
9.661780248345368,8.21031947096431,5,4,0,0,1
7.481617990286962,4.696542569516236,4,10,0,0,0
5.100602285441437,6.219626241309765,2,22,0,0,0
4.5746164658582185,5.176786682309572,15,3,0,0,1
3.0679428311010124,0.3603737749918745,6,13,1,0,0
4.9185687139314735,7.684677956641338,3,1,1,0,1
0.6989181188794769,6.400303883516804,8,0,0,0,0
9.474772343956246,8.845719870582625,10,22,1,0,1
9.860279281964297,1.8042382208137042,17,20,1,0,0
4.213769412138549,7.9383591214861635,17,20,0,1,0
4.102691383317168,1.0655948046776798,4,20,0,0,0
0.5224558370082788,0.9554387456476632,8,12,0,0,0
0.2001172362877479,2.528549787625588,12,0,0,0,0
5.140308194758695,5.731492479812457,0,8,1,0,0
9.303511771330678,7.848829833877943,3,2,0,0,1
3.0481314464513245,2.564875232071543,12,9,1,0,0
6.61382077844989,0.3206269630680503,9,3,1,0,1
5.017128166884919,2.746874939874168,14,2,0,0,1
1.9841010119356273,4.9398718014349114,19,21,1,0,0
3.6438631013978497,0.12124750087744829,14,15,1,0,0
9.164221891675336,0.5002226691655787,12,9,1,0,0
1.1834533371787792,9.964505051000891,14,21,1,0,0
6.806038701191533,7.899747595698333,16,20,0,0,1
0.4345624630117062,9.039800090558408,11,17,0,1,0
8.69352847922796,4.833114486972939,12,5,0,0,1
5.595748419558734,6.6550940875721345,6,0,0,0,1
0.3450387649832598,2.8812512885469177,10,7,0,0,0
5.797798425694158,1.7185686975046488,12,18,0,0,0
7.206644545078623,5.548067582739479,16,10,1,0,0
9.36146335432113,0.5490489091077433,15,21,0,0,0
1.8404103482144674,2.9592634898028836,11,6,0,0,0
7.296066492353425,1.002413702675914,8,17,0,1,0
4.1430831233417305,4.735694985746464,11,3,0,1,1
9.634842786561725,9.102717712539498,19,5,0,0,1
0.1833838901064988,1.2762318623775326,7,23,0,0,0
2.63960854131871,9.478368998469996,14,1,0,0,0
0.2047708336219789,5.2187511037357694,2,20,0,0,0
8.352292908460148,8.93459054167116,11,0,0,1,1
0.03121651356409627,3.035101248781115,14,17,0,0,0
8.74505295038077,7.492171650908982,16,15,0,0,1
6.613381138362127,2.8935241022224623,14,23,0,0,0
5.114364063015873,4.401484472241325,14,1,1,0,1
7.971551058158318,4.428501974752107,10,19,0,0,0
7.917161675842714,9.776744141287075,17,4,0,0,1
0.0018519529544280822,3.6243141118777067,12,1,0,0,0
1.358861501275942,0.666279984103747,10,13,1,1,0
4.432534414749622,1.8624493829977473,2,8,0,0,0
1.2423670555580901,5.794941827902612,6,22,0,1,0
6.082132723795752,2.199994722366252,14,18,0,0,0
0.7964160628902317,5.83435634710885,16,13,0,0,0
8.576559882418273,8.97508835108354,17,16,0,0,1
3.7364081846669848,3.3291209623140325,4,6,1,0,0
8.657009923240036,0.32109580482058253,16,18,0,0,0
7.035081440883408,5.979109922633325,13,10,0,0,0
4.168346152227937,5.60209402740945,13,10,0,0,0
9.363469474710833,5.9159932291673964,1,7,0,0,0
8.927959395898858,6.539011463692574,16,12,1,0,1
9.593798543869475,2.081099964205074,4,0,0,0,1
5.192267441895277,9.932260672805493,0,7,0,0,0
4.692899109374828,1.1660296642880075,2,7,0,0,0
8.848741237834588,6.995444737655465,4,15,0,0,1
1.8772807549827364,8.212002033499546,18,12,0,0,0
5.83195161883046,2.2996141540103423,14,22,0,0,0
7.52154892257666,5.035768963385915,14,19,1,1,0
0.8674776780397409,3.370027913372585,18,21,0,0,0
0.5684057071238846,9.784944646717907,9,6,0,0,0
4.970236477772066,0.3206351709454158,13,23,0,0,0
7.57295572071193,2.2700129933842064,7,19,0,0,0
8.470120353890835,8.279120621490643,0,11,0,0,1
2.41206774628023,1.6814108589474708,19,16,0,0,0
3.377559871322291,7.030316999741315,14,22,0,0,0
6.333121744366106,4.624902104055933,12,2,0,0,1
2.5256855913768694,6.689537100682745,5,13,1,1,0
2.4937578799589213,8.906666758919071,10,1,0,0,0
8.37330153933041,0.15562546258716003,8,23,0,1,0
6.239455747613883,4.603213900573984,3,23,0,0,0
6.490917405385481,5.671630879133922,6,23,0,0,0
8.677820443927635,3.701479183504169,19,22,0,0,0
8.579519454023362,3.9137809336374696,17,23,0,0,0
0.531206241990011,7.955818365422829,15,15,0,0,0
1.3112120951649986,4.553641345615005,6,16,1,0,0
9.154768812183315,1.2561270352030207,19,21,0,0,0
4.576318745451751,5.1888953165108145,18,7,0,0,0
8.603701372804807,5.421375093061666,6,14,0,0,0
4.462866684743513,4.109215696938389,9,7,0,0,0
3.3308554809387294,1.4752383417734682,14,7,1,0,0
1.8761098854542468,0.21647902587247914,0,8,0,1,0
4.609207729196596,7.436286786007466,18,15,0,0,0
1.7209985264986216,3.0543169268303227,9,10,0,1,0
7.885518420082565,1.6719585454726837,19,7,1,0,0
8.972433251916417,8.908267535742686,5,7,0,0,1
2.915777167599307,2.8294756803733123,4,17,1,0,0
6.309704448700582,4.729809813707359,16,21,0,0,0
3.7963086748563435,3.827943081453502,7,11,1,0,0
9.686914502130431,0.8384571800448104,17,5,0,0,1
5.460988080032908,2.1400711317387424,11,6,0,0,0
1.6007410548673062,7.873258374573952,12,8,1,1,0
2.529118055562871,0.40487824328304445,9,20,1,0,0
5.878856919297817,5.0139647859532435,10,22,0,0,0
6.801096984332773,6.6908001686228324,0,12,1,0,1
4.7108285070451315,3.979530562013335,11,11,0,0,0
7.790939433817704,7.190333387898875,8,9,1,0,1
0.4856665305929597,6.0372671753513085,15,19,0,0,0
7.488274636039875,6.672132917419074,0,16,0,0,1
9.555177064172408,6.677772264457613,10,22,0,1,1
3.540196380320112,8.20909634070616,3,11,0,0,0
8.456263001150187,9.112343103146713,2,5,0,0,1
0.03577544600031346,0.4654152121906807,12,13,0,1,0
9.127010103571104,1.9280279467660666,7,8,0,0,0
0.8033686656948757,7.901663868934623,12,11,0,0,0
4.224787505614101,7.865489363650103,6,13,0,0,0
5.507432808910721,2.9009226495074794,12,14,0,0,0
1.4696040590381154,9.170781988654788,13,14,0,0,0
7.395034549060827,9.685135568831981,3,5,1,0,1
2.271497467713269,0.08031863875622935,1,23,0,0,0
1.0688337508703138,8.211105277415161,2,19,0,0,0
1.0036749509505394,6.337790395432505,18,7,1,1,0
3.3038093432963755,4.480751515816344,13,0,0,0,0
3.6502530403882307,9.044739272812876,8,20,0,0,0
4.935003640726166,1.7839825192858105,3,10,1,0,0
8.55088663906036,6.581624765263335,8,16,0,0,1
1.3045563655139392,9.75604968589112,11,15,1,1,0
8.093428287387024,4.705379347902748,11,8,0,0,0
3.9996212458393776,4.233267270225271,0,8,1,0,0
1.9566629562534243,9.729773804203049,17,18,0,0,0
1.7675686742346075,8.649939730295346,6,17,0,0,0
2.952606300859739,1.935433732395726,12,19,0,0,0
6.427519139595469,5.362983657971865,6,14,0,0,0
7.809448189504872,8.404495816388055,19,20,0,0,1
8.377290986226564,1.527504316676166,12,3,1,0,1
6.5996627780191,7.33460272007825,6,1,0,0,1
9.310590308872001,6.23438133694112,5,15,1,0,1
3.9425823549574526,6.770819719511081,8,6,0,0,0
9.524913004343246,8.349695494811858,9,11,1,0,1
1.448528272682441,5.815304742771106,12,12,0,0,0
0.20492046877974457,0.16807279821142496,7,13,0,0,0
1.791192841569551,1.0325880943608257,18,14,0,0,0
8.405533567512641,6.826448822931313,18,14,0,1,1
0.5001882090218635,4.87249560345451,19,21,0,0,0
7.69485387315587,2.447895190294248,16,6,1,0,0
8.145537870199968,5.336051011223095,17,9,0,0,0
6.001404832134268,7.109296367478834,14,19,0,0,1
2.980416983469145,0.35064949018718705,16,21,0,0,0
3.180097048142981,7.963001859676636,8,8,1,0,0
2.531521254896174,8.079318445627193,16,23,0,0,0
3.301117978552411,3.222974734029085,8,6,0,0,0
5.991186848201082,9.921264713522762,3,7,0,0,0
8.647558956038493,4.454586883709339,5,17,0,0,0
3.9815494458477496,3.0238360611242685,5,14,0,0,0
9.595725876290658,5.921232363510185,5,18,1,0,0
7.672783010536483,9.053731882624273,2,16,0,0,1
2.96501571023939,1.5928303734945848,13,8,0,0,0
0.7305177681066055,3.781946830810803,13,6,1,0,0
1.1786010867977015,9.582511722325032,5,17,0,1,0
8.502987365717917,4.340710818159804,15,19,0,0,0
1.9199195023079008,2.2487509180569587,13,5,0,0,0
1.273720360333609,8.237242861369873,0,11,0,1,0
5.538360825022206,5.297749152567985,9,1,0,0,1
8.026758125262868,1.3952678055966927,5,2,0,0,1
8.597287835022325,7.001882592940531,19,8,0,0,1
1.93700292785702,2.0838367900882537,0,7,1,0,0
4.173479203041413,9.628623341857422,14,1,0,0,1
7.518762443691909,1.4006455935893647,4,14,0,0,0
2.1218038256687333,9.112354154476932,17,23,0,0,0
1.0978295367040447,5.730279602317218,19,6,1,0,0
5.252022002307971,2.083269468600397,17,21,0,0,0
2.198829897073491,3.6831038208673172,19,14,1,0,0
7.6461873401361835,1.6790319660208886,17,8,1,0,0
5.285398603562879,2.907919442218475,8,15,0,0,0
3.9244484854257045,3.622954325895683,9,4,1,0,0
6.000144774806355,1.80818479002395,14,4,0,0,1
4.705050789923272,0.4796755857947588,13,13,0,0,0
6.51489153529613,2.590392101205147,8,8,0,0,0
2.150225693561846,2.045936142917758,19,8,0,0,0
7.052836240393124,5.674858777835963,7,18,0,0,0
2.4735137181774283,7.316459039198881,16,12,0,0,0
0.7120671754123253,7.986873709303625,9,7,0,0,0
8.827420762070805,8.094732096154345,11,15,0,0,1
3.7071065703778405,1.8436823801969382,17,13,0,0,0
3.6887909165927555,8.32775031227349,13,15,0,0,0
6.593751874194929,3.16747183257435,8,7,1,0,0
0.37556069740189546,2.851331751807087,3,23,0,0,0
6.787759835204289,2.3108892213456853,19,17,1,0,0
1.6554079482308726,7.31353971777378,0,1,0,0,0
0.25015151890854126,6.038779896240879,10,8,0,1,0
7.761518641056229,4.864090989910865,18,12,0,0,0
0.44477188803159984,7.521228382486274,7,19,0,1,0
1.7469963022378132,5.154974759769905,9,6,0,0,0
1.5407573247308348,6.465350987807326,13,15,0,0,0
0.4786559890610709,4.078600255909134,7,13,0,0,0
6.457903577950729,1.1759961659870177,5,6,0,0,0
6.983133239405602,4.336969331069596,11,15,1,0,0
3.0095771555867246,7.489176404785196,12,14,0,0,0
5.024027934801268,9.169787490185026,10,1,0,0,1
2.3226572579752522,8.974828847954246,9,13,0,0,0
7.072679186664391,6.716660572094705,9,4,0,0,1
0.18558336523525565,6.99208677537377,5,6,0,1,0
9.863168422720129,0.8856817382508009,11,14,0,0,0
5.959268121167338,6.443657004925674,2,2,0,0,1
5.773417251963703,8.897353347830567,12,22,0,0,0
4.940428669357333,0.5521762675040565,3,9,0,0,0
5.072039367678184,3.430154765005966,12,5,1,0,1
1.9964864195602305,0.5987462672138566,4,13,0,0,0
0.4376584719831855,5.669458574796547,5,13,0,0,0
4.016905685616143,7.99073419486196,16,1,0,0,1
1.3233055612009137,6.7699960536578585,17,19,1,0,0
4.932434959334473,8.573278235335529,10,17,0,0,0
1.0463780692762559,7.635020847203663,3,10,1,0,0
4.603372316027352,1.1601738712300314,16,1,0,0,1
0.3868495825719154,7.5350390110730805,13,17,1,0,0
6.221669241736078,5.852203293909552,11,17,0,0,0
4.497254105921061,5.437624559186557,5,2,1,0,1
0.8077921387434361,3.8729117367532995,15,17,0,0,0
0.5548394206791063,2.8454061027205615,1,18,0,0,0
0.9189609207710625,8.344542148916963,15,12,0,0,0
2.1593820402013506,1.2785381790869554,18,9,0,0,0
7.9216913622796445,4.947572395858043,3,22,0,0,0
9.29425745026514,1.5361855350435116,10,7,0,0,0
6.199662914628339,5.3561478187433185,9,17,0,0,0
4.651235991477796,9.70977191589147,17,13,0,0,0
